fname, cmd, raw.kb, zip.kb, dec.kb, elapsed.ms, eps, CR, MAE, RMSE, L.inf, PSNR.dB, tot-segs, deg-1, deg-2, deg-3, deg-4
obs_spitzer_50000, PWLR, 195.312, 175.646, 195.312, 0.015, 1.000, 1.112, 0.267, 0.394, 1.166, 65.250, 25269, 0, 0, 0, 0
obs_spitzer_50000, PWLR, 195.312, 163.454, 195.312, 0.014, 1.100, 1.195, 0.345, 0.478, 1.166, 63.554, 23466, 0, 0, 0, 0
obs_spitzer_50000, PWLR, 195.312, 157.516, 195.312, 0.013, 1.200, 1.240, 0.374, 0.517, 1.201, 62.888, 22605, 0, 0, 0, 0
obs_spitzer_50000, PWLR, 195.312, 147.018, 195.312, 0.012, 1.300, 1.328, 0.452, 0.600, 1.301, 61.581, 21063, 0, 0, 0, 0
obs_spitzer_50000, PWLR, 195.312, 141.118, 195.312, 0.012, 1.400, 1.384, 0.481, 0.637, 1.403, 61.062, 20206, 0, 0, 0, 0
obs_spitzer_50000, PWLR, 195.312, 132.561, 195.312, 0.012, 1.500, 1.473, 0.548, 0.707, 1.502, 60.165, 18963, 0, 0, 0, 0
obs_spitzer_50000, PWLR, 195.312, 125.968, 195.312, 0.011, 1.600, 1.550, 0.587, 0.754, 1.643, 59.597, 18016, 0, 0, 0, 0
obs_spitzer_50000, PWLR, 195.312, 118.896, 195.312, 0.012, 1.700, 1.643, 0.643, 0.816, 1.703, 58.919, 16980, 0, 0, 0, 0
obs_spitzer_50000, PWLR, 195.312, 111.947, 195.312, 0.010, 1.800, 1.745, 0.686, 0.865, 1.800, 58.408, 15972, 0, 0, 0, 0
obs_spitzer_50000, PWLR, 195.312, 106.108, 195.312, 0.010, 1.900, 1.841, 0.728, 0.914, 1.902, 57.928, 15129, 0, 0, 0, 0
obs_spitzer_50000, PWLR, 195.312, 99.797, 195.312, 0.009, 2.000, 1.957, 0.771, 0.964, 2.000, 57.466, 14211, 0, 0, 0, 0
obs_spitzer_50000, PWLR, 195.312, 94.218, 195.312, 0.009, 2.100, 2.073, 0.805, 1.006, 2.102, 57.095, 13408, 0, 0, 0, 0
obs_spitzer_50000, PWLR, 195.312, 88.060, 195.312, 0.009, 2.200, 2.218, 0.855, 1.062, 2.214, 56.626, 12522, 0, 0, 0, 0
obs_spitzer_50000, PWLR, 195.312, 82.738, 195.312, 0.009, 2.300, 2.361, 0.888, 1.104, 2.307, 56.292, 11751, 0, 0, 0, 0
obs_spitzer_50000, PWLR, 195.312, 77.727, 195.312, 0.009, 2.400, 2.513, 0.927, 1.148, 2.411, 55.949, 11031, 0, 0, 0, 0
obs_spitzer_50000, PWLR, 195.312, 73.352, 195.312, 0.008, 2.500, 2.663, 0.955, 1.185, 2.508, 55.676, 10398, 0, 0, 0, 0
obs_spitzer_50000, PWLR, 195.312, 68.647, 195.312, 0.007, 2.600, 2.845, 0.990, 1.227, 2.600, 55.370, 9715, 0, 0, 0, 0
obs_spitzer_50000, PWLR, 195.312, 64.744, 195.312, 0.008, 2.700, 3.017, 1.014, 1.259, 2.700, 55.147, 9151, 0, 0, 0, 0
obs_spitzer_50000, PWLR, 195.312, 60.414, 195.312, 0.007, 2.800, 3.233, 1.044, 1.296, 2.800, 54.898, 8539, 0, 0, 0, 0
obs_spitzer_50000, PWLR, 195.312, 57.144, 195.312, 0.007, 2.900, 3.418, 1.064, 1.325, 2.900, 54.708, 8073, 0, 0, 0, 0
obs_spitzer_50000, PWLR, 195.312, 53.604, 195.312, 0.006, 3.000, 3.644, 1.090, 1.357, 3.001, 54.497, 7564, 0, 0, 0, 0
obs_spitzer_50000, PWLR, 195.312, 50.611, 195.312, 0.006, 3.100, 3.859, 1.108, 1.382, 3.100, 54.339, 7132, 0, 0, 0, 0
obs_spitzer_50000, PWLR, 195.312, 47.225, 195.312, 0.006, 3.200, 4.136, 1.130, 1.411, 3.200, 54.160, 6645, 0, 0, 0, 0
obs_spitzer_50000, PWLR, 195.312, 44.643, 195.312, 0.006, 3.300, 4.375, 1.148, 1.437, 3.300, 54.003, 6276, 0, 0, 0, 0
obs_spitzer_50000, PWLR, 195.312, 41.902, 195.312, 0.005, 3.400, 4.661, 1.167, 1.462, 3.408, 53.851, 5880, 0, 0, 0, 0
obs_spitzer_50000, PWLR, 195.312, 39.369, 195.312, 0.007, 3.500, 4.961, 1.183, 1.484, 3.500, 53.718, 5518, 0, 0, 0, 0
obs_spitzer_50000, PWLR, 195.312, 37.243, 195.312, 0.005, 3.600, 5.244, 1.198, 1.504, 3.601, 53.603, 5214, 0, 0, 0, 0
obs_spitzer_50000, PWLR, 195.312, 35.438, 195.312, 0.005, 3.700, 5.511, 1.211, 1.524, 3.703, 53.492, 4954, 0, 0, 0, 0
obs_spitzer_50000, PWLR, 195.312, 33.843, 195.312, 0.005, 3.800, 5.771, 1.223, 1.541, 3.799, 53.394, 4726, 0, 0, 0, 0
obs_spitzer_50000, PWLR, 195.312, 31.854, 195.312, 0.005, 3.900, 6.131, 1.235, 1.559, 3.915, 53.293, 4452, 0, 0, 0, 0
obs_spitzer_50000, PWLR, 195.312, 30.369, 195.312, 0.005, 4.000, 6.431, 1.243, 1.574, 4.000, 53.211, 4239, 0, 0, 0, 0
obs_spitzer_50000, PWLR, 195.312, 28.915, 195.312, 0.005, 4.100, 6.755, 1.254, 1.589, 4.099, 53.126, 4033, 0, 0, 0, 0
obs_spitzer_50000, PWLR, 195.312, 27.631, 195.312, 0.004, 4.200, 7.069, 1.265, 1.604, 4.202, 53.043, 3850, 0, 0, 0, 0
obs_spitzer_50000, PWLR, 195.312, 26.268, 195.312, 0.005, 4.300, 7.435, 1.275, 1.618, 4.300, 52.969, 3655, 0, 0, 0, 0
obs_spitzer_50000, PWLR, 195.312, 25.198, 195.312, 0.004, 4.400, 7.751, 1.283, 1.632, 4.400, 52.895, 3505, 0, 0, 0, 0
obs_spitzer_50000, PWLR, 195.312, 24.085, 195.312, 0.004, 4.500, 8.109, 1.290, 1.645, 4.500, 52.828, 3346, 0, 0, 0, 0
obs_spitzer_50000, PWLR, 195.312, 23.487, 195.312, 0.004, 4.600, 8.316, 1.298, 1.657, 4.600, 52.764, 3262, 0, 0, 0, 0
obs_spitzer_50000, PWLR, 195.312, 22.711, 195.312, 0.004, 4.700, 8.600, 1.304, 1.666, 4.703, 52.717, 3153, 0, 0, 0, 0
obs_spitzer_50000, PWLR, 195.312, 22.164, 195.312, 0.004, 4.800, 8.812, 1.309, 1.673, 4.799, 52.679, 3075, 0, 0, 0, 0
obs_spitzer_50000, PWLR, 195.312, 21.459, 195.312, 0.004, 4.900, 9.102, 1.316, 1.683, 4.910, 52.626, 2976, 0, 0, 0, 0
obs_spitzer_50000, PWLR, 195.312, 20.968, 195.312, 0.004, 5.000, 9.315, 1.322, 1.694, 5.000, 52.571, 2905, 0, 0, 0, 0
obs_spitzer_50000, PWLR, 195.312, 20.371, 195.312, 0.004, 5.100, 9.588, 1.327, 1.703, 5.113, 52.527, 2821, 0, 0, 0, 0
obs_spitzer_50000, PWLR, 195.312, 19.836, 195.312, 0.004, 5.200, 9.846, 1.333, 1.713, 5.223, 52.474, 2746, 0, 0, 0, 0
obs_spitzer_50000, PWLR, 195.312, 19.438, 195.312, 0.004, 5.300, 10.048, 1.337, 1.719, 5.300, 52.442, 2689, 0, 0, 0, 0
obs_spitzer_50000, PWLR, 195.312, 19.075, 195.312, 0.004, 5.400, 10.239, 1.341, 1.729, 5.407, 52.396, 2638, 0, 0, 0, 0
obs_spitzer_50000, PWLR, 195.312, 18.598, 195.312, 0.004, 5.500, 10.502, 1.347, 1.736, 5.503, 52.359, 2574, 0, 0, 0, 0
obs_spitzer_50000, PWLR, 195.312, 18.294, 195.312, 0.007, 5.600, 10.676, 1.351, 1.744, 5.604, 52.317, 2530, 0, 0, 0, 0
obs_spitzer_50000, PWLR, 195.312, 17.900, 195.312, 0.004, 5.700, 10.911, 1.356, 1.754, 5.705, 52.267, 2476, 0, 0, 0, 0
obs_spitzer_50000, PWLR, 195.312, 17.642, 195.312, 0.004, 5.800, 11.071, 1.360, 1.762, 5.842, 52.230, 2440, 0, 0, 0, 0
obs_spitzer_50000, PWLR, 195.312, 17.397, 195.312, 0.004, 5.900, 11.226, 1.364, 1.768, 5.898, 52.201, 2404, 0, 0, 0, 0
obs_spitzer_50000, PWLR, 195.312, 17.229, 195.312, 0.004, 6.000, 11.337, 1.368, 1.773, 6.000, 52.173, 2382, 0, 0, 0, 0
obs_spitzer_50000, PWLR, 195.312, 17.023, 195.312, 0.004, 6.100, 11.473, 1.372, 1.782, 6.099, 52.131, 2353, 0, 0, 0, 0
obs_spitzer_50000, PWLR, 195.312, 16.784, 195.312, 0.004, 6.200, 11.637, 1.377, 1.792, 6.200, 52.081, 2320, 0, 0, 0, 0
obs_spitzer_50000, PWLR, 195.312, 16.652, 195.312, 0.004, 6.300, 11.729, 1.380, 1.799, 6.300, 52.049, 2301, 0, 0, 0, 0
obs_spitzer_50000, PWLR, 195.312, 16.430, 195.312, 0.005, 6.400, 11.888, 1.384, 1.805, 6.399, 52.018, 2269, 0, 0, 0, 0
obs_spitzer_50000, PWLR, 195.312, 16.274, 195.312, 0.004, 6.500, 12.001, 1.387, 1.812, 6.506, 51.985, 2248, 0, 0, 0, 0
obs_spitzer_50000, PWLR, 195.312, 16.087, 195.312, 0.004, 6.600, 12.141, 1.391, 1.820, 6.600, 51.950, 2221, 0, 0, 0, 0
obs_spitzer_50000, PWLR, 195.312, 15.952, 195.312, 0.004, 6.700, 12.244, 1.395, 1.828, 6.699, 51.912, 2202, 0, 0, 0, 0
obs_spitzer_50000, PWLR, 195.312, 15.849, 195.312, 0.004, 6.800, 12.324, 1.398, 1.834, 6.811, 51.882, 2185, 0, 0, 0, 0
obs_spitzer_50000, PWLR, 195.312, 15.750, 195.312, 0.004, 6.900, 12.401, 1.400, 1.839, 6.901, 51.860, 2172, 0, 0, 0, 0
obs_spitzer_50000, PWLR, 195.312, 15.630, 195.312, 0.004, 7.000, 12.496, 1.403, 1.845, 6.999, 51.830, 2155, 0, 0, 0, 0
obs_spitzer_50000, PWLR, 195.312, 15.447, 195.312, 0.007, 7.100, 12.644, 1.407, 1.853, 7.100, 51.793, 2130, 0, 0, 0, 0
obs_spitzer_50000, PWLR, 195.312, 15.321, 195.312, 0.004, 7.200, 12.748, 1.410, 1.858, 7.200, 51.767, 2113, 0, 0, 0, 0
obs_spitzer_50000, PWLR, 195.312, 15.226, 195.312, 0.004, 7.300, 12.828, 1.412, 1.864, 7.299, 51.739, 2100, 0, 0, 0, 0
obs_spitzer_50000, PWLR, 195.312, 15.116, 195.312, 0.004, 7.400, 12.921, 1.417, 1.873, 7.405, 51.700, 2083, 0, 0, 0, 0
obs_spitzer_50000, PWLR, 195.312, 14.967, 195.312, 0.004, 7.500, 13.050, 1.420, 1.880, 7.500, 51.665, 2062, 0, 0, 0, 0
obs_spitzer_50000, PWLR, 195.312, 14.870, 195.312, 0.004, 7.600, 13.135, 1.424, 1.889, 7.662, 51.624, 2049, 0, 0, 0, 0
obs_spitzer_50000, PWLR, 195.312, 14.723, 195.312, 0.004, 7.700, 13.266, 1.427, 1.897, 7.703, 51.588, 2029, 0, 0, 0, 0
obs_spitzer_50000, PWLR, 195.312, 14.598, 195.312, 0.004, 7.800, 13.380, 1.433, 1.908, 7.800, 51.539, 2013, 0, 0, 0, 0
obs_spitzer_50000, PWLR, 195.312, 14.505, 195.312, 0.004, 7.900, 13.465, 1.436, 1.914, 7.899, 51.510, 1999, 0, 0, 0, 0
obs_spitzer_50000, PWLR, 195.312, 14.404, 195.312, 0.004, 8.000, 13.559, 1.439, 1.919, 8.004, 51.486, 1986, 0, 0, 0, 0
obs_spitzer_50000, PWLR, 195.312, 14.338, 195.312, 0.004, 8.100, 13.622, 1.443, 1.928, 8.159, 51.447, 1975, 0, 0, 0, 0
obs_spitzer_50000, PWLR, 195.312, 14.254, 195.312, 0.004, 8.200, 13.702, 1.446, 1.936, 8.200, 51.413, 1963, 0, 0, 0, 0
obs_spitzer_50000, PWLR, 195.312, 14.183, 195.312, 0.004, 8.300, 13.771, 1.450, 1.944, 8.303, 51.374, 1954, 0, 0, 0, 0
obs_spitzer_50000, PWLR, 195.312, 14.150, 195.312, 0.004, 8.400, 13.803, 1.452, 1.951, 8.400, 51.345, 1950, 0, 0, 0, 0
obs_spitzer_50000, PWLR, 195.312, 14.021, 195.312, 0.004, 8.500, 13.930, 1.458, 1.961, 8.501, 51.299, 1932, 0, 0, 0, 0
obs_spitzer_50000, PWLR, 195.312, 13.979, 195.312, 0.004, 8.600, 13.972, 1.463, 1.972, 8.622, 51.253, 1926, 0, 0, 0, 0
obs_spitzer_50000, PWLR, 195.312, 13.876, 195.312, 0.004, 8.700, 14.076, 1.467, 1.980, 8.699, 51.215, 1912, 0, 0, 0, 0
obs_spitzer_50000, PWLR, 195.312, 13.876, 195.312, 0.004, 8.800, 14.076, 1.469, 1.986, 8.799, 51.188, 1912, 0, 0, 0, 0
obs_spitzer_50000, PWLR, 195.312, 13.798, 195.312, 0.004, 8.900, 14.155, 1.473, 1.994, 8.900, 51.155, 1902, 0, 0, 0, 0
obs_spitzer_50000, PWLR, 195.312, 13.666, 195.312, 0.004, 9.000, 14.292, 1.477, 2.004, 9.000, 51.111, 1884, 0, 0, 0, 0
obs_spitzer_50000, PWLR, 195.312, 13.575, 195.312, 0.004, 9.100, 14.387, 1.481, 2.011, 9.100, 51.080, 1870, 0, 0, 0, 0
obs_spitzer_50000, PWLR, 195.312, 13.524, 195.312, 0.004, 9.200, 14.441, 1.484, 2.017, 9.203, 51.054, 1863, 0, 0, 0, 0
obs_spitzer_50000, PWLR, 195.312, 13.456, 195.312, 0.004, 9.300, 14.515, 1.488, 2.028, 9.300, 51.008, 1854, 0, 0, 0, 0
obs_spitzer_50000, PWLR, 195.312, 13.372, 195.312, 0.004, 9.400, 14.606, 1.491, 2.037, 9.401, 50.970, 1842, 0, 0, 0, 0
obs_spitzer_50000, PWLR, 195.312, 13.322, 195.312, 0.004, 9.500, 14.661, 1.497, 2.052, 9.500, 50.907, 1836, 0, 0, 0, 0
obs_spitzer_50000, PWLR, 195.312, 13.291, 195.312, 0.004, 9.600, 14.695, 1.501, 2.060, 9.599, 50.872, 1831, 0, 0, 0, 0
obs_spitzer_50000, PWLR, 195.312, 13.246, 195.312, 0.004, 9.700, 14.745, 1.504, 2.068, 9.698, 50.839, 1825, 0, 0, 0, 0
obs_spitzer_50000, PWLR, 195.312, 13.146, 195.312, 0.005, 9.800, 14.858, 1.509, 2.077, 9.800, 50.800, 1810, 0, 0, 0, 0
obs_spitzer_50000, PWLR, 195.312, 13.043, 195.312, 0.004, 9.900, 14.975, 1.513, 2.088, 9.919, 50.753, 1797, 0, 0, 0, 0
obs_spitzer_50000, PWLR, 195.312, 13.011, 195.312, 0.004, 10.000, 15.012, 1.517, 2.099, 9.999, 50.710, 1792, 0, 0, 0, 0
obs_spitzer_50000, PWPR(0), 195.312, 189.080, 195.312, 13.088, 1.000, 1.033, 0.232, 0.363, 1.000, 65.954, 7926, 8, 12, 41, 7865
obs_spitzer_50000, PWPR(0), 195.312, 181.908, 195.312, 11.738, 1.100, 1.074, 0.281, 0.421, 1.100, 64.667, 7619, 8, 36, 69, 7506
obs_spitzer_50000, PWPR(0), 195.312, 175.780, 195.312, 39.994, 1.200, 1.111, 0.327, 0.476, 1.200, 63.600, 7358, 12, 36, 80, 7230
obs_spitzer_50000, PWPR(0), 195.312, 169.357, 195.312, 12.575, 1.300, 1.153, 0.376, 0.532, 1.300, 62.635, 7083, 9, 44, 96, 6934
obs_spitzer_50000, PWPR(0), 195.312, 162.683, 195.312, 13.425, 1.400, 1.201, 0.424, 0.588, 1.400, 61.758, 6798, 20, 48, 105, 6625
obs_spitzer_50000, PWPR(0), 195.312, 155.522, 195.312, 16.583, 1.500, 1.256, 0.470, 0.641, 1.500, 61.009, 6496, 25, 50, 141, 6280
obs_spitzer_50000, PWPR(0), 195.312, 148.776, 195.312, 11.622, 1.600, 1.313, 0.519, 0.697, 1.600, 60.285, 6212, 25, 72, 159, 5956
obs_spitzer_50000, PWPR(0), 195.312, 141.917, 195.312, 908.583, 1.700, 1.376, 0.569, 0.755, 1.700, 59.589, 5922, 36, 64, 186, 5636
obs_spitzer_50000, PWPR(0), 195.312, 135.287, 195.312, 9.043, 1.800, 1.444, 0.616, 0.808, 1.800, 59.001, 5650, 43, 87, 169, 5351
obs_spitzer_50000, PWPR(0), 195.312, 128.062, 195.312, 8.632, 1.900, 1.525, 0.664, 0.861, 1.900, 58.445, 5350, 60, 92, 175, 5023
obs_spitzer_50000, PWPR(0), 195.312, 121.633, 195.312, 7.585, 2.000, 1.606, 0.707, 0.912, 2.000, 57.952, 5078, 53, 95, 215, 4715
obs_spitzer_50000, PWPR(0), 195.312, 114.459, 195.312, 8.565, 2.100, 1.706, 0.755, 0.966, 2.100, 57.454, 4778, 55, 103, 233, 4387
obs_spitzer_50000, PWPR(0), 195.312, 107.923, 195.312, 8.267, 2.200, 1.810, 0.794, 1.011, 2.200, 57.053, 4505, 62, 95, 213, 4135
obs_spitzer_50000, PWPR(0), 195.312, 101.890, 195.312, 7.850, 2.300, 1.917, 0.837, 1.061, 2.300, 56.638, 4255, 59, 112, 238, 3846
obs_spitzer_50000, PWPR(0), 195.312, 94.815, 195.312, 6.132, 2.400, 2.060, 0.876, 1.107, 2.400, 56.264, 3964, 81, 115, 223, 3545
obs_spitzer_50000, PWPR(0), 195.312, 89.300, 195.312, 6.647, 2.500, 2.187, 0.913, 1.151, 2.500, 55.929, 3726, 62, 111, 214, 3339
obs_spitzer_50000, PWPR(0), 195.312, 83.816, 195.312, 5.813, 2.600, 2.330, 0.949, 1.193, 2.600, 55.614, 3491, 58, 109, 221, 3103
obs_spitzer_50000, PWPR(0), 195.312, 78.445, 195.312, 5.644, 2.700, 2.490, 0.983, 1.235, 2.700, 55.315, 3271, 71, 112, 195, 2893
obs_spitzer_50000, PWPR(0), 195.312, 73.758, 195.312, 5.317, 2.800, 2.648, 1.015, 1.272, 2.800, 55.059, 3066, 54, 93, 228, 2691
obs_spitzer_50000, PWPR(0), 195.312, 69.186, 195.312, 5.761, 2.900, 2.823, 1.038, 1.304, 2.900, 54.845, 2881, 66, 75, 216, 2524
obs_spitzer_50000, PWPR(0), 195.312, 64.720, 195.312, 4.591, 3.000, 3.018, 1.066, 1.337, 3.000, 54.625, 2694, 65, 83, 191, 2355
obs_spitzer_50000, PWPR(0), 195.312, 60.440, 195.312, 4.329, 3.100, 3.231, 1.090, 1.367, 3.100, 54.431, 2511, 62, 86, 178, 2185
obs_spitzer_50000, PWPR(0), 195.312, 57.423, 195.312, 4.222, 3.200, 3.401, 1.111, 1.396, 3.200, 54.251, 2384, 62, 77, 170, 2075
obs_spitzer_50000, PWPR(0), 195.312, 53.707, 195.312, 4.015, 3.300, 3.637, 1.133, 1.425, 3.300, 54.073, 2226, 49, 83, 155, 1939
obs_spitzer_50000, PWPR(0), 195.312, 50.934, 195.312, 3.869, 3.400, 3.835, 1.151, 1.448, 3.400, 53.936, 2107, 49, 66, 118, 1874
obs_spitzer_50000, PWPR(0), 195.312, 48.229, 195.312, 3.399, 3.500, 4.050, 1.167, 1.469, 3.500, 53.808, 1991, 38, 66, 106, 1781
obs_spitzer_50000, PWPR(0), 195.312, 45.885, 195.312, 3.269, 3.600, 4.257, 1.182, 1.490, 3.600, 53.686, 1891, 31, 61, 111, 1688
obs_spitzer_50000, PWPR(0), 195.312, 43.490, 195.312, 3.482, 3.700, 4.491, 1.196, 1.510, 3.700, 53.572, 1791, 38, 58, 113, 1582
obs_spitzer_50000, PWPR(0), 195.312, 41.249, 195.312, 2.918, 3.800, 4.735, 1.210, 1.529, 3.800, 53.459, 1692, 35, 34, 96, 1527
obs_spitzer_50000, PWPR(0), 195.312, 39.271, 195.312, 2.976, 3.900, 4.974, 1.228, 1.553, 3.899, 53.326, 1613, 37, 37, 102, 1437
obs_spitzer_50000, PWPR(0), 195.312, 37.375, 195.312, 2.961, 4.000, 5.226, 1.240, 1.570, 4.000, 53.232, 1532, 32, 40, 84, 1376
obs_spitzer_50000, PWPR(0), 195.312, 35.969, 195.312, 2.641, 4.100, 5.430, 1.254, 1.588, 4.100, 53.130, 1474, 23, 40, 97, 1314
obs_spitzer_50000, PWPR(0), 195.312, 34.590, 195.312, 2.750, 4.200, 5.647, 1.265, 1.604, 4.199, 53.047, 1419, 28, 44, 61, 1286
obs_spitzer_50000, PWPR(0), 195.312, 33.229, 195.312, 2.333, 4.300, 5.878, 1.271, 1.615, 4.300, 52.988, 1359, 20, 35, 63, 1241
obs_spitzer_50000, PWPR(0), 195.312, 32.215, 195.312, 2.518, 4.400, 6.063, 1.280, 1.629, 4.400, 52.909, 1315, 19, 36, 55, 1205
obs_spitzer_50000, PWPR(0), 195.312, 31.012, 195.312, 2.034, 4.500, 6.298, 1.287, 1.640, 4.500, 52.854, 1265, 20, 28, 55, 1162
obs_spitzer_50000, PWPR(0), 195.312, 30.216, 195.312, 2.275, 4.600, 6.464, 1.296, 1.654, 4.600, 52.780, 1230, 18, 20, 39, 1153
obs_spitzer_50000, PWPR(0), 195.312, 29.091, 195.312, 2.147, 4.700, 6.714, 1.308, 1.670, 4.700, 52.697, 1184, 14, 25, 46, 1099
obs_spitzer_50000, PWPR(0), 195.312, 28.233, 195.312, 2.019, 4.800, 6.918, 1.316, 1.681, 4.800, 52.640, 1148, 15, 20, 38, 1075
obs_spitzer_50000, PWPR(0), 195.312, 27.565, 195.312, 2.022, 4.900, 7.085, 1.322, 1.690, 4.900, 52.589, 1121, 14, 17, 39, 1051
obs_spitzer_50000, PWPR(0), 195.312, 26.684, 195.312, 1.832, 5.000, 7.320, 1.329, 1.702, 5.000, 52.530, 1084, 11, 15, 37, 1021
obs_spitzer_50000, PWPR(0), 195.312, 26.101, 195.312, 2.082, 5.100, 7.483, 1.333, 1.707, 5.100, 52.502, 1060, 11, 5, 32, 1012
obs_spitzer_50000, PWPR(0), 195.312, 25.452, 195.312, 2.067, 5.200, 7.674, 1.340, 1.719, 5.200, 52.443, 1034, 12, 17, 33, 972
obs_spitzer_50000, PWPR(0), 195.312, 24.991, 195.312, 2.033, 5.300, 7.815, 1.348, 1.733, 5.300, 52.376, 1016, 11, 21, 31, 953
obs_spitzer_50000, PWPR(0), 195.312, 24.330, 195.312, 1.840, 5.400, 8.028, 1.354, 1.741, 5.400, 52.332, 988, 9, 12, 25, 942
obs_spitzer_50000, PWPR(0), 195.312, 23.933, 195.312, 2.036, 5.500, 8.161, 1.363, 1.754, 5.500, 52.270, 971, 7, 7, 21, 936
obs_spitzer_50000, PWPR(0), 195.312, 23.551, 195.312, 1.816, 5.600, 8.293, 1.368, 1.763, 5.600, 52.225, 955, 6, 9, 17, 923
obs_spitzer_50000, PWPR(0), 195.312, 23.045, 195.312, 1.672, 5.700, 8.475, 1.374, 1.773, 5.700, 52.175, 935, 8, 7, 18, 902
obs_spitzer_50000, PWPR(0), 195.312, 22.849, 195.312, 1.517, 5.800, 8.548, 1.378, 1.779, 5.800, 52.144, 927, 5, 9, 19, 894
obs_spitzer_50000, PWPR(0), 195.312, 22.465, 195.312, 2.030, 5.900, 8.694, 1.384, 1.789, 5.900, 52.095, 910, 4, 8, 17, 881
obs_spitzer_50000, PWPR(0), 195.312, 22.197, 195.312, 1.776, 6.000, 8.799, 1.391, 1.802, 6.000, 52.037, 899, 2, 5, 13, 879
obs_spitzer_50000, PWPR(0), 195.312, 21.749, 195.312, 1.540, 6.100, 8.980, 1.396, 1.812, 6.100, 51.985, 881, 3, 7, 7, 864
obs_spitzer_50000, PWPR(0), 195.312, 21.532, 195.312, 1.640, 6.200, 9.071, 1.404, 1.824, 6.200, 51.930, 872, 2, 5, 11, 854
obs_spitzer_50000, PWPR(0), 195.312, 21.321, 195.312, 1.589, 6.300, 9.160, 1.411, 1.835, 6.300, 51.877, 863, 1, 4, 11, 847
obs_spitzer_50000, PWPR(0), 195.312, 21.114, 195.312, 1.674, 6.400, 9.250, 1.413, 1.838, 6.399, 51.862, 855, 2, 5, 10, 838
obs_spitzer_50000, PWPR(0), 195.312, 20.949, 195.312, 1.639, 6.500, 9.323, 1.420, 1.850, 6.500, 51.804, 848, 1, 1, 11, 835
obs_spitzer_50000, PWPR(0), 195.312, 20.731, 195.312, 1.507, 6.600, 9.421, 1.422, 1.855, 6.599, 51.782, 840, 4, 2, 8, 826
obs_spitzer_50000, PWPR(0), 195.312, 20.580, 195.312, 1.413, 6.700, 9.490, 1.428, 1.865, 6.699, 51.738, 833, 2, 0, 9, 822
obs_spitzer_50000, PWPR(0), 195.312, 20.267, 195.312, 1.723, 6.800, 9.637, 1.432, 1.872, 6.800, 51.705, 821, 1, 3, 4, 813
obs_spitzer_50000, PWPR(0), 195.312, 20.099, 195.312, 1.351, 6.900, 9.718, 1.438, 1.883, 6.900, 51.654, 814, 3, 3, 4, 804
obs_spitzer_50000, PWPR(0), 195.312, 19.848, 195.312, 1.577, 7.000, 9.841, 1.441, 1.889, 6.999, 51.627, 804, 1, 2, 3, 798
obs_spitzer_50000, PWPR(0), 195.312, 19.755, 195.312, 1.480, 7.100, 9.887, 1.446, 1.898, 7.099, 51.582, 800, 2, 1, 5, 792
obs_spitzer_50000, PWPR(0), 195.312, 19.596, 195.312, 1.595, 7.200, 9.967, 1.452, 1.907, 7.200, 51.541, 793, 3, 2, 4, 784
obs_spitzer_50000, PWPR(0), 195.312, 19.270, 195.312, 1.566, 7.300, 10.136, 1.458, 1.920, 7.298, 51.481, 780, 3, 1, 3, 773
obs_spitzer_50000, PWPR(0), 195.312, 19.200, 195.312, 1.416, 7.400, 10.172, 1.462, 1.927, 7.399, 51.450, 777, 0, 1, 4, 772
obs_spitzer_50000, PWPR(0), 195.312, 19.076, 195.312, 1.388, 7.500, 10.239, 1.463, 1.930, 7.499, 51.437, 772, 0, 2, 6, 764
obs_spitzer_50000, PWPR(0), 195.312, 18.938, 195.312, 1.527, 7.600, 10.313, 1.469, 1.942, 7.599, 51.384, 766, 1, 2, 7, 756
obs_spitzer_50000, PWPR(0), 195.312, 18.844, 195.312, 1.488, 7.700, 10.365, 1.473, 1.949, 7.700, 51.354, 762, 1, 2, 7, 752
obs_spitzer_50000, PWPR(0), 195.312, 18.749, 195.312, 1.405, 7.800, 10.417, 1.476, 1.953, 7.799, 51.333, 759, 0, 2, 2, 755
obs_spitzer_50000, PWPR(0), 195.312, 18.625, 195.312, 1.229, 7.900, 10.487, 1.481, 1.966, 7.900, 51.278, 754, 0, 2, 4, 748
obs_spitzer_50000, PWPR(0), 195.312, 18.555, 195.312, 1.437, 8.000, 10.526, 1.486, 1.975, 8.000, 51.238, 752, 0, 1, 3, 748
obs_spitzer_50000, PWPR(0), 195.312, 18.432, 195.312, 1.464, 8.100, 10.597, 1.490, 1.984, 8.100, 51.197, 746, 0, 0, 6, 740
obs_spitzer_50000, PWPR(0), 195.312, 18.295, 195.312, 1.487, 8.200, 10.676, 1.497, 1.997, 8.200, 51.142, 741, 0, 0, 7, 734
obs_spitzer_50000, PWPR(0), 195.312, 18.167, 195.312, 1.481, 8.300, 10.751, 1.503, 2.008, 8.297, 51.094, 736, 0, 0, 3, 733
obs_spitzer_50000, PWPR(0), 195.312, 18.085, 195.312, 1.559, 8.400, 10.800, 1.506, 2.014, 8.398, 51.070, 733, 1, 0, 4, 728
obs_spitzer_50000, PWPR(0), 195.312, 18.029, 195.312, 1.367, 8.500, 10.833, 1.509, 2.019, 8.499, 51.048, 731, 1, 0, 4, 726
obs_spitzer_50000, PWPR(0), 195.312, 17.902, 195.312, 1.288, 8.600, 10.910, 1.510, 2.023, 8.599, 51.030, 726, 0, 0, 4, 722
obs_spitzer_50000, PWPR(0), 195.312, 17.764, 195.312, 1.179, 8.700, 10.995, 1.515, 2.033, 8.699, 50.987, 721, 1, 2, 6, 712
obs_spitzer_50000, PWPR(0), 195.312, 17.608, 195.312, 1.344, 8.800, 11.092, 1.518, 2.040, 8.796, 50.959, 715, 1, 1, 3, 710
obs_spitzer_50000, PWPR(0), 195.312, 17.594, 195.312, 1.315, 8.900, 11.101, 1.522, 2.050, 8.895, 50.916, 714, 0, 0, 5, 709
obs_spitzer_50000, PWPR(0), 195.312, 17.529, 195.312, 1.190, 9.000, 11.142, 1.523, 2.052, 9.000, 50.905, 711, 0, 0, 5, 706
obs_spitzer_50000, PWPR(0), 195.312, 17.442, 195.312, 1.322, 9.100, 11.198, 1.525, 2.057, 9.098, 50.886, 707, 0, 0, 8, 699
obs_spitzer_50000, PWPR(0), 195.312, 17.384, 195.312, 1.495, 9.200, 11.235, 1.528, 2.064, 9.198, 50.856, 705, 0, 0, 8, 697
obs_spitzer_50000, PWPR(0), 195.312, 17.303, 195.312, 1.349, 9.300, 11.288, 1.529, 2.068, 9.297, 50.837, 702, 0, 0, 8, 694
obs_spitzer_50000, PWPR(0), 195.312, 17.288, 195.312, 1.416, 9.400, 11.298, 1.533, 2.078, 9.400, 50.797, 702, 0, 0, 11, 691
obs_spitzer_50000, PWPR(0), 195.312, 17.221, 195.312, 1.488, 9.500, 11.342, 1.535, 2.084, 9.499, 50.770, 699, 0, 0, 10, 689
obs_spitzer_50000, PWPR(0), 195.312, 17.146, 195.312, 1.198, 9.600, 11.391, 1.541, 2.098, 9.600, 50.715, 696, 0, 0, 12, 684
obs_spitzer_50000, PWPR(0), 195.312, 17.093, 195.312, 1.221, 9.700, 11.427, 1.548, 2.110, 9.696, 50.663, 694, 0, 0, 11, 683
obs_spitzer_50000, PWPR(0), 195.312, 17.059, 195.312, 1.361, 9.800, 11.450, 1.550, 2.116, 9.798, 50.640, 693, 0, 0, 10, 683
obs_spitzer_50000, PWPR(0), 195.312, 16.963, 195.312, 1.328, 9.900, 11.514, 1.553, 2.122, 9.900, 50.613, 690, 0, 0, 6, 684
obs_spitzer_50000, PWPR(0), 195.312, 16.935, 195.312, 1.200, 10.000, 11.533, 1.556, 2.129, 9.999, 50.585, 689, 0, 0, 5, 684
obs_spitzer_50000, PWPR(1), 195.312, 201.705, 195.312, 9.410, 1.000, 0.968, 0.268, 0.397, 1.000, 65.164, 16714, 16714, 0, 0, 0
obs_spitzer_50000, PWPR(1), 195.312, 188.693, 195.312, 8.999, 1.100, 1.035, 0.344, 0.479, 1.100, 63.549, 15587, 15587, 0, 0, 0
obs_spitzer_50000, PWPR(1), 195.312, 181.283, 195.312, 9.069, 1.200, 1.077, 0.376, 0.521, 1.200, 62.818, 14946, 14946, 0, 0, 0
obs_spitzer_50000, PWPR(1), 195.312, 169.688, 195.312, 7.796, 1.300, 1.151, 0.451, 0.602, 1.300, 61.553, 13937, 13937, 0, 0, 0
obs_spitzer_50000, PWPR(1), 195.312, 162.120, 195.312, 7.555, 1.400, 1.205, 0.485, 0.644, 1.400, 60.973, 13300, 13300, 0, 0, 0
obs_spitzer_50000, PWPR(1), 195.312, 152.195, 195.312, 7.258, 1.500, 1.283, 0.551, 0.712, 1.500, 60.099, 12463, 12463, 0, 0, 0
obs_spitzer_50000, PWPR(1), 195.312, 144.406, 195.312, 6.902, 1.600, 1.353, 0.592, 0.762, 1.600, 59.508, 11807, 11807, 0, 0, 0
obs_spitzer_50000, PWPR(1), 195.312, 135.900, 195.312, 6.196, 1.700, 1.437, 0.648, 0.823, 1.700, 58.841, 11070, 11070, 0, 0, 0
obs_spitzer_50000, PWPR(1), 195.312, 127.433, 195.312, 5.824, 1.800, 1.533, 0.694, 0.876, 1.800, 58.296, 10364, 10364, 0, 0, 0
obs_spitzer_50000, PWPR(1), 195.312, 120.195, 195.312, 5.763, 1.900, 1.625, 0.739, 0.928, 1.900, 57.797, 9759, 9759, 0, 0, 0
obs_spitzer_50000, PWPR(1), 195.312, 112.714, 195.312, 5.281, 2.000, 1.733, 0.780, 0.977, 2.000, 57.353, 9133, 9133, 0, 0, 0
obs_spitzer_50000, PWPR(1), 195.312, 105.934, 195.312, 4.966, 2.100, 1.844, 0.818, 1.022, 2.100, 56.961, 8569, 8569, 0, 0, 0
obs_spitzer_50000, PWPR(1), 195.312, 98.994, 195.312, 4.575, 2.200, 1.973, 0.866, 1.078, 2.200, 56.501, 7997, 7997, 0, 0, 0
obs_spitzer_50000, PWPR(1), 195.312, 92.479, 195.312, 4.426, 2.300, 2.112, 0.903, 1.122, 2.300, 56.149, 7451, 7451, 0, 0, 0
obs_spitzer_50000, PWPR(1), 195.312, 86.129, 195.312, 3.996, 2.400, 2.268, 0.946, 1.171, 2.400, 55.781, 6930, 6930, 0, 0, 0
obs_spitzer_50000, PWPR(1), 195.312, 81.022, 195.312, 3.786, 2.500, 2.411, 0.972, 1.205, 2.500, 55.527, 6511, 6511, 0, 0, 0
obs_spitzer_50000, PWPR(1), 195.312, 75.793, 195.312, 3.507, 2.600, 2.577, 1.007, 1.248, 2.600, 55.222, 6075, 6075, 0, 0, 0
obs_spitzer_50000, PWPR(1), 195.312, 70.964, 195.312, 3.217, 2.700, 2.752, 1.031, 1.281, 2.700, 55.000, 5674, 5674, 0, 0, 0
obs_spitzer_50000, PWPR(1), 195.312, 66.767, 195.312, 3.151, 2.800, 2.925, 1.059, 1.316, 2.800, 54.767, 5325, 5325, 0, 0, 0
obs_spitzer_50000, PWPR(1), 195.312, 62.400, 195.312, 2.840, 2.900, 3.130, 1.083, 1.348, 2.900, 54.557, 4967, 4967, 0, 0, 0
obs_spitzer_50000, PWPR(1), 195.312, 58.063, 195.312, 2.764, 3.000, 3.364, 1.108, 1.380, 3.000, 54.352, 4606, 4606, 0, 0, 0
obs_spitzer_50000, PWPR(1), 195.312, 54.620, 195.312, 2.623, 3.100, 3.576, 1.127, 1.406, 3.100, 54.189, 4322, 4322, 0, 0, 0
obs_spitzer_50000, PWPR(1), 195.312, 51.251, 195.312, 2.292, 3.200, 3.811, 1.149, 1.435, 3.200, 54.012, 4056, 4056, 0, 0, 0
obs_spitzer_50000, PWPR(1), 195.312, 48.307, 195.312, 2.187, 3.300, 4.043, 1.166, 1.461, 3.300, 53.859, 3814, 3814, 0, 0, 0
obs_spitzer_50000, PWPR(1), 195.312, 45.488, 195.312, 2.066, 3.400, 4.294, 1.182, 1.483, 3.400, 53.729, 3581, 3581, 0, 0, 0
obs_spitzer_50000, PWPR(1), 195.312, 43.348, 195.312, 2.011, 3.500, 4.506, 1.194, 1.501, 3.500, 53.623, 3412, 3412, 0, 0, 0
obs_spitzer_50000, PWPR(1), 195.312, 40.924, 195.312, 1.821, 3.600, 4.773, 1.211, 1.523, 3.600, 53.495, 3213, 3213, 0, 0, 0
obs_spitzer_50000, PWPR(1), 195.312, 38.703, 195.312, 1.753, 3.700, 5.046, 1.222, 1.541, 3.700, 53.392, 3034, 3034, 0, 0, 0
obs_spitzer_50000, PWPR(1), 195.312, 37.243, 195.312, 1.704, 3.800, 5.244, 1.234, 1.557, 3.800, 53.304, 2918, 2918, 0, 0, 0
obs_spitzer_50000, PWPR(1), 195.312, 35.289, 195.312, 1.662, 3.900, 5.535, 1.243, 1.574, 3.900, 53.207, 2756, 2756, 0, 0, 0
obs_spitzer_50000, PWPR(1), 195.312, 33.661, 195.312, 1.524, 4.000, 5.802, 1.254, 1.590, 4.000, 53.124, 2628, 2628, 0, 0, 0
obs_spitzer_50000, PWPR(1), 195.312, 32.206, 195.312, 1.478, 4.100, 6.064, 1.266, 1.605, 4.100, 53.037, 2507, 2507, 0, 0, 0
obs_spitzer_50000, PWPR(1), 195.312, 30.943, 195.312, 1.494, 4.200, 6.312, 1.273, 1.617, 4.200, 52.973, 2405, 2405, 0, 0, 0
obs_spitzer_50000, PWPR(1), 195.312, 29.606, 195.312, 1.391, 4.300, 6.597, 1.280, 1.629, 4.300, 52.913, 2301, 2301, 0, 0, 0
obs_spitzer_50000, PWPR(1), 195.312, 28.578, 195.312, 1.325, 4.400, 6.834, 1.287, 1.641, 4.400, 52.850, 2220, 2220, 0, 0, 0
obs_spitzer_50000, PWPR(1), 195.312, 27.608, 195.312, 1.290, 4.500, 7.074, 1.295, 1.653, 4.500, 52.783, 2145, 2145, 0, 0, 0
obs_spitzer_50000, PWPR(1), 195.312, 26.833, 195.312, 1.245, 4.600, 7.279, 1.301, 1.663, 4.600, 52.729, 2082, 2082, 0, 0, 0
obs_spitzer_50000, PWPR(1), 195.312, 26.104, 195.312, 1.186, 4.700, 7.482, 1.306, 1.671, 4.700, 52.690, 2024, 2024, 0, 0, 0
obs_spitzer_50000, PWPR(1), 195.312, 25.383, 195.312, 1.182, 4.800, 7.695, 1.311, 1.679, 4.800, 52.650, 1967, 1967, 0, 0, 0
obs_spitzer_50000, PWPR(1), 195.312, 24.547, 195.312, 1.136, 4.900, 7.957, 1.318, 1.689, 4.900, 52.596, 1907, 1907, 0, 0, 0
obs_spitzer_50000, PWPR(1), 195.312, 23.938, 195.312, 1.094, 5.000, 8.159, 1.324, 1.699, 5.000, 52.546, 1857, 1857, 0, 0, 0
obs_spitzer_50000, PWPR(1), 195.312, 23.370, 195.312, 1.117, 5.100, 8.357, 1.328, 1.708, 5.100, 52.500, 1811, 1811, 0, 0, 0
obs_spitzer_50000, PWPR(1), 195.312, 22.794, 195.312, 1.030, 5.200, 8.569, 1.333, 1.717, 5.200, 52.452, 1765, 1765, 0, 0, 0
obs_spitzer_50000, PWPR(1), 195.312, 22.515, 195.312, 1.051, 5.300, 8.675, 1.338, 1.725, 5.300, 52.414, 1741, 1741, 0, 0, 0
obs_spitzer_50000, PWPR(1), 195.312, 22.042, 195.312, 0.956, 5.400, 8.861, 1.344, 1.734, 5.399, 52.369, 1703, 1703, 0, 0, 0
obs_spitzer_50000, PWPR(1), 195.312, 21.627, 195.312, 0.960, 5.500, 9.031, 1.347, 1.740, 5.500, 52.341, 1671, 1671, 0, 0, 0
obs_spitzer_50000, PWPR(1), 195.312, 21.363, 195.312, 1.182, 5.600, 9.142, 1.350, 1.745, 5.599, 52.312, 1650, 1650, 0, 0, 0
obs_spitzer_50000, PWPR(1), 195.312, 21.000, 195.312, 0.931, 5.700, 9.301, 1.357, 1.757, 5.700, 52.252, 1622, 1622, 0, 0, 0
obs_spitzer_50000, PWPR(1), 195.312, 20.742, 195.312, 0.924, 5.800, 9.416, 1.360, 1.764, 5.800, 52.221, 1602, 1602, 0, 0, 0
obs_spitzer_50000, PWPR(1), 195.312, 20.436, 195.312, 0.900, 5.900, 9.557, 1.365, 1.771, 5.898, 52.186, 1577, 1577, 0, 0, 0
obs_spitzer_50000, PWPR(1), 195.312, 20.224, 195.312, 0.911, 6.000, 9.658, 1.367, 1.775, 6.000, 52.163, 1563, 1563, 0, 0, 0
obs_spitzer_50000, PWPR(1), 195.312, 20.019, 195.312, 0.911, 6.100, 9.757, 1.371, 1.784, 6.100, 52.120, 1549, 1549, 0, 0, 0
obs_spitzer_50000, PWPR(1), 195.312, 19.792, 195.312, 0.902, 6.200, 9.868, 1.376, 1.793, 6.200, 52.076, 1533, 1533, 0, 0, 0
obs_spitzer_50000, PWPR(1), 195.312, 19.476, 195.312, 0.852, 6.300, 10.029, 1.379, 1.801, 6.300, 52.038, 1510, 1510, 0, 0, 0
obs_spitzer_50000, PWPR(1), 195.312, 19.268, 195.312, 0.914, 6.400, 10.137, 1.383, 1.807, 6.399, 52.010, 1494, 1494, 0, 0, 0
obs_spitzer_50000, PWPR(1), 195.312, 19.125, 195.312, 0.854, 6.500, 10.212, 1.386, 1.814, 6.500, 51.978, 1483, 1483, 0, 0, 0
obs_spitzer_50000, PWPR(1), 195.312, 18.963, 195.312, 0.857, 6.600, 10.300, 1.390, 1.821, 6.599, 51.941, 1469, 1469, 0, 0, 0
obs_spitzer_50000, PWPR(1), 195.312, 18.851, 195.312, 0.904, 6.700, 10.361, 1.394, 1.829, 6.699, 51.908, 1460, 1460, 0, 0, 0
obs_spitzer_50000, PWPR(1), 195.312, 18.688, 195.312, 0.877, 6.800, 10.452, 1.397, 1.835, 6.799, 51.876, 1447, 1447, 0, 0, 0
obs_spitzer_50000, PWPR(1), 195.312, 18.594, 195.312, 0.979, 6.900, 10.504, 1.400, 1.840, 6.900, 51.851, 1440, 1440, 0, 0, 0
obs_spitzer_50000, PWPR(1), 195.312, 18.436, 195.312, 0.864, 7.000, 10.594, 1.402, 1.847, 6.999, 51.820, 1429, 1429, 0, 0, 0
obs_spitzer_50000, PWPR(1), 195.312, 18.297, 195.312, 0.933, 7.100, 10.675, 1.406, 1.853, 7.098, 51.790, 1418, 1418, 0, 0, 0
obs_spitzer_50000, PWPR(1), 195.312, 18.114, 195.312, 0.848, 7.200, 10.782, 1.410, 1.861, 7.200, 51.755, 1403, 1403, 0, 0, 0
obs_spitzer_50000, PWPR(1), 195.312, 18.011, 195.312, 0.874, 7.300, 10.844, 1.412, 1.867, 7.299, 51.727, 1394, 1394, 0, 0, 0
obs_spitzer_50000, PWPR(1), 195.312, 17.860, 195.312, 0.837, 7.400, 10.936, 1.417, 1.876, 7.400, 51.685, 1381, 1381, 0, 0, 0
obs_spitzer_50000, PWPR(1), 195.312, 17.691, 195.312, 0.847, 7.500, 11.040, 1.420, 1.883, 7.500, 51.652, 1369, 1369, 0, 0, 0
obs_spitzer_50000, PWPR(1), 195.312, 17.572, 195.312, 0.807, 7.600, 11.115, 1.423, 1.891, 7.599, 51.616, 1358, 1358, 0, 0, 0
obs_spitzer_50000, PWPR(1), 195.312, 17.450, 195.312, 0.773, 7.700, 11.193, 1.426, 1.898, 7.699, 51.585, 1349, 1349, 0, 0, 0
obs_spitzer_50000, PWPR(1), 195.312, 17.291, 195.312, 0.868, 7.800, 11.296, 1.432, 1.909, 7.800, 51.533, 1337, 1337, 0, 0, 0
obs_spitzer_50000, PWPR(1), 195.312, 17.233, 195.312, 0.788, 7.900, 11.333, 1.435, 1.916, 7.900, 51.502, 1331, 1331, 0, 0, 0
obs_spitzer_50000, PWPR(1), 195.312, 17.115, 195.312, 0.772, 8.000, 11.412, 1.438, 1.922, 8.000, 51.474, 1322, 1322, 0, 0, 0
obs_spitzer_50000, PWPR(1), 195.312, 17.057, 195.312, 0.843, 8.100, 11.451, 1.442, 1.930, 8.100, 51.439, 1317, 1317, 0, 0, 0
obs_spitzer_50000, PWPR(1), 195.312, 16.912, 195.312, 0.768, 8.200, 11.549, 1.445, 1.938, 8.200, 51.402, 1306, 1306, 0, 0, 0
obs_spitzer_50000, PWPR(1), 195.312, 16.847, 195.312, 0.800, 8.300, 11.594, 1.448, 1.945, 8.300, 51.370, 1301, 1301, 0, 0, 0
obs_spitzer_50000, PWPR(1), 195.312, 16.794, 195.312, 0.754, 8.400, 11.630, 1.452, 1.952, 8.400, 51.338, 1297, 1297, 0, 0, 0
obs_spitzer_50000, PWPR(1), 195.312, 16.616, 195.312, 0.751, 8.500, 11.754, 1.456, 1.961, 8.500, 51.298, 1283, 1283, 0, 0, 0
obs_spitzer_50000, PWPR(1), 195.312, 16.565, 195.312, 0.765, 8.600, 11.790, 1.461, 1.971, 8.600, 51.254, 1279, 1279, 0, 0, 0
obs_spitzer_50000, PWPR(1), 195.312, 16.466, 195.312, 0.721, 8.700, 11.862, 1.465, 1.980, 8.700, 51.214, 1272, 1272, 0, 0, 0
obs_spitzer_50000, PWPR(1), 195.312, 16.447, 195.312, 0.744, 8.800, 11.875, 1.468, 1.987, 8.799, 51.185, 1270, 1270, 0, 0, 0
obs_spitzer_50000, PWPR(1), 195.312, 16.375, 195.312, 0.765, 8.900, 11.927, 1.472, 1.995, 8.900, 51.151, 1264, 1264, 0, 0, 0
obs_spitzer_50000, PWPR(1), 195.312, 16.232, 195.312, 0.740, 9.000, 12.032, 1.476, 2.004, 9.000, 51.111, 1253, 1253, 0, 0, 0
obs_spitzer_50000, PWPR(1), 195.312, 16.166, 195.312, 0.758, 9.100, 12.082, 1.479, 2.010, 9.100, 51.083, 1247, 1247, 0, 0, 0
obs_spitzer_50000, PWPR(1), 195.312, 16.110, 195.312, 0.758, 9.200, 12.123, 1.482, 2.016, 9.200, 51.058, 1242, 1242, 0, 0, 0
obs_spitzer_50000, PWPR(1), 195.312, 16.051, 195.312, 0.753, 9.300, 12.168, 1.486, 2.028, 9.299, 51.010, 1236, 1236, 0, 0, 0
obs_spitzer_50000, PWPR(1), 195.312, 15.965, 195.312, 0.748, 9.400, 12.234, 1.489, 2.037, 9.399, 50.971, 1228, 1228, 0, 0, 0
obs_spitzer_50000, PWPR(1), 195.312, 15.911, 195.312, 0.706, 9.500, 12.275, 1.495, 2.051, 9.500, 50.910, 1224, 1224, 0, 0, 0
obs_spitzer_50000, PWPR(1), 195.312, 15.871, 195.312, 0.753, 9.600, 12.306, 1.500, 2.061, 9.599, 50.870, 1221, 1221, 0, 0, 0
obs_spitzer_50000, PWPR(1), 195.312, 15.830, 195.312, 0.753, 9.700, 12.338, 1.503, 2.069, 9.698, 50.834, 1217, 1217, 0, 0, 0
obs_spitzer_50000, PWPR(1), 195.312, 15.682, 195.312, 0.731, 9.800, 12.455, 1.507, 2.078, 9.800, 50.797, 1206, 1206, 0, 0, 0
obs_spitzer_50000, PWPR(1), 195.312, 15.567, 195.312, 0.747, 9.900, 12.546, 1.511, 2.087, 9.899, 50.758, 1198, 1198, 0, 0, 0
obs_spitzer_50000, PWPR(1), 195.312, 15.512, 195.312, 0.703, 10.000, 12.591, 1.515, 2.098, 9.999, 50.714, 1194, 1194, 0, 0, 0
obs_spitzer_50000, PWPR(2), 195.312, 193.910, 195.312, 10.347, 1.000, 1.007, 0.269, 0.397, 1.000, 65.180, 12027, 0, 12027, 0, 0
obs_spitzer_50000, PWPR(2), 195.312, 186.021, 195.312, 9.659, 1.100, 1.050, 0.315, 0.451, 1.100, 64.071, 11527, 0, 11527, 0, 0
obs_spitzer_50000, PWPR(2), 195.312, 177.838, 195.312, 9.214, 1.200, 1.098, 0.363, 0.506, 1.200, 63.066, 11013, 0, 11013, 0, 0
obs_spitzer_50000, PWPR(2), 195.312, 169.488, 195.312, 9.136, 1.300, 1.152, 0.412, 0.562, 1.300, 62.161, 10486, 0, 10486, 0, 0
obs_spitzer_50000, PWPR(2), 195.312, 162.064, 195.312, 8.642, 1.400, 1.205, 0.462, 0.619, 1.400, 61.323, 10015, 0, 10015, 0, 0
obs_spitzer_50000, PWPR(2), 195.312, 153.581, 195.312, 8.046, 1.500, 1.272, 0.515, 0.678, 1.500, 60.520, 9482, 0, 9482, 0, 0
obs_spitzer_50000, PWPR(2), 195.312, 145.849, 195.312, 7.626, 1.600, 1.339, 0.566, 0.735, 1.600, 59.827, 8994, 0, 8994, 0, 0
obs_spitzer_50000, PWPR(2), 195.312, 138.233, 195.312, 7.533, 1.700, 1.413, 0.613, 0.789, 1.700, 59.210, 8519, 0, 8519, 0, 0
obs_spitzer_50000, PWPR(2), 195.312, 131.039, 195.312, 7.050, 1.800, 1.490, 0.663, 0.843, 1.800, 58.635, 8063, 0, 8063, 0, 0
obs_spitzer_50000, PWPR(2), 195.312, 123.364, 195.312, 6.617, 1.900, 1.583, 0.713, 0.899, 1.900, 58.072, 7584, 0, 7584, 0, 0
obs_spitzer_50000, PWPR(2), 195.312, 115.626, 195.312, 6.110, 2.000, 1.689, 0.759, 0.952, 2.000, 57.578, 7098, 0, 7098, 0, 0
obs_spitzer_50000, PWPR(2), 195.312, 109.026, 195.312, 5.640, 2.100, 1.791, 0.799, 0.999, 2.100, 57.162, 6691, 0, 6691, 0, 0
obs_spitzer_50000, PWPR(2), 195.312, 102.766, 195.312, 5.525, 2.200, 1.901, 0.840, 1.046, 2.200, 56.763, 6297, 0, 6297, 0, 0
obs_spitzer_50000, PWPR(2), 195.312, 96.657, 195.312, 5.252, 2.300, 2.021, 0.879, 1.092, 2.300, 56.382, 5911, 0, 5911, 0, 0
obs_spitzer_50000, PWPR(2), 195.312, 90.449, 195.312, 4.800, 2.400, 2.159, 0.912, 1.134, 2.400, 56.058, 5526, 0, 5526, 0, 0
obs_spitzer_50000, PWPR(2), 195.312, 85.021, 195.312, 4.495, 2.500, 2.297, 0.950, 1.179, 2.500, 55.721, 5187, 0, 5187, 0, 0
obs_spitzer_50000, PWPR(2), 195.312, 79.425, 195.312, 4.210, 2.600, 2.459, 0.976, 1.213, 2.600, 55.471, 4838, 0, 4838, 0, 0
obs_spitzer_50000, PWPR(2), 195.312, 73.886, 195.312, 3.942, 2.700, 2.643, 1.010, 1.254, 2.700, 55.182, 4493, 0, 4493, 0, 0
obs_spitzer_50000, PWPR(2), 195.312, 69.203, 195.312, 3.709, 2.800, 2.822, 1.038, 1.290, 2.800, 54.940, 4204, 0, 4204, 0, 0
obs_spitzer_50000, PWPR(2), 195.312, 64.971, 195.312, 3.474, 2.900, 3.006, 1.065, 1.323, 2.900, 54.716, 3941, 0, 3941, 0, 0
obs_spitzer_50000, PWPR(2), 195.312, 60.797, 195.312, 3.160, 3.000, 3.213, 1.089, 1.355, 3.000, 54.508, 3682, 0, 3682, 0, 0
obs_spitzer_50000, PWPR(2), 195.312, 56.502, 195.312, 2.961, 3.100, 3.457, 1.111, 1.384, 3.100, 54.327, 3416, 0, 3416, 0, 0
obs_spitzer_50000, PWPR(2), 195.312, 52.843, 195.312, 2.816, 3.200, 3.696, 1.132, 1.412, 3.200, 54.153, 3190, 0, 3190, 0, 0
obs_spitzer_50000, PWPR(2), 195.312, 49.736, 195.312, 2.594, 3.300, 3.927, 1.151, 1.440, 3.300, 53.985, 2998, 0, 2998, 0, 0
obs_spitzer_50000, PWPR(2), 195.312, 47.052, 195.312, 2.484, 3.400, 4.151, 1.166, 1.459, 3.400, 53.867, 2832, 0, 2832, 0, 0
obs_spitzer_50000, PWPR(2), 195.312, 44.392, 195.312, 2.382, 3.500, 4.400, 1.185, 1.485, 3.500, 53.715, 2666, 0, 2666, 0, 0
obs_spitzer_50000, PWPR(2), 195.312, 42.106, 195.312, 2.259, 3.600, 4.639, 1.202, 1.508, 3.600, 53.579, 2523, 0, 2523, 0, 0
obs_spitzer_50000, PWPR(2), 195.312, 39.772, 195.312, 2.154, 3.700, 4.911, 1.216, 1.529, 3.700, 53.462, 2382, 0, 2382, 0, 0
obs_spitzer_50000, PWPR(2), 195.312, 37.582, 195.312, 2.006, 3.800, 5.197, 1.229, 1.548, 3.800, 53.353, 2245, 0, 2245, 0, 0
obs_spitzer_50000, PWPR(2), 195.312, 35.617, 195.312, 1.850, 3.900, 5.484, 1.240, 1.565, 3.900, 53.259, 2126, 0, 2126, 0, 0
obs_spitzer_50000, PWPR(2), 195.312, 33.876, 195.312, 1.777, 4.000, 5.766, 1.253, 1.584, 4.000, 53.157, 2019, 0, 2019, 0, 0
obs_spitzer_50000, PWPR(2), 195.312, 32.219, 195.312, 1.730, 4.100, 6.062, 1.261, 1.597, 4.100, 53.084, 1921, 0, 1921, 0, 0
obs_spitzer_50000, PWPR(2), 195.312, 31.131, 195.312, 1.627, 4.200, 6.274, 1.270, 1.610, 4.200, 53.015, 1853, 0, 1853, 0, 0
obs_spitzer_50000, PWPR(2), 195.312, 30.049, 195.312, 1.583, 4.300, 6.500, 1.280, 1.624, 4.300, 52.939, 1785, 0, 1785, 0, 0
obs_spitzer_50000, PWPR(2), 195.312, 29.032, 195.312, 1.491, 4.400, 6.727, 1.287, 1.634, 4.400, 52.882, 1721, 0, 1721, 0, 0
obs_spitzer_50000, PWPR(2), 195.312, 27.882, 195.312, 1.445, 4.500, 7.005, 1.297, 1.650, 4.500, 52.800, 1652, 0, 1652, 0, 0
obs_spitzer_50000, PWPR(2), 195.312, 27.166, 195.312, 1.417, 4.600, 7.190, 1.304, 1.661, 4.600, 52.742, 1608, 0, 1608, 0, 0
obs_spitzer_50000, PWPR(2), 195.312, 26.229, 195.312, 1.371, 4.700, 7.447, 1.312, 1.673, 4.700, 52.681, 1549, 0, 1549, 0, 0
obs_spitzer_50000, PWPR(2), 195.312, 25.296, 195.312, 1.349, 4.800, 7.721, 1.322, 1.685, 4.799, 52.617, 1493, 0, 1493, 0, 0
obs_spitzer_50000, PWPR(2), 195.312, 24.716, 195.312, 1.334, 4.900, 7.902, 1.328, 1.696, 4.900, 52.562, 1458, 0, 1458, 0, 0
obs_spitzer_50000, PWPR(2), 195.312, 23.904, 195.312, 1.216, 5.000, 8.171, 1.335, 1.707, 5.000, 52.506, 1409, 0, 1409, 0, 0
obs_spitzer_50000, PWPR(2), 195.312, 23.124, 195.312, 1.204, 5.100, 8.446, 1.342, 1.717, 5.100, 52.452, 1364, 0, 1364, 0, 0
obs_spitzer_50000, PWPR(2), 195.312, 22.591, 195.312, 1.162, 5.200, 8.646, 1.347, 1.726, 5.200, 52.411, 1332, 0, 1332, 0, 0
obs_spitzer_50000, PWPR(2), 195.312, 22.205, 195.312, 1.221, 5.300, 8.796, 1.352, 1.734, 5.300, 52.369, 1307, 0, 1307, 0, 0
obs_spitzer_50000, PWPR(2), 195.312, 21.730, 195.312, 1.168, 5.400, 8.988, 1.359, 1.745, 5.400, 52.316, 1278, 0, 1278, 0, 0
obs_spitzer_50000, PWPR(2), 195.312, 21.267, 195.312, 1.197, 5.500, 9.184, 1.365, 1.755, 5.500, 52.263, 1251, 0, 1251, 0, 0
obs_spitzer_50000, PWPR(2), 195.312, 20.883, 195.312, 1.124, 5.600, 9.353, 1.369, 1.762, 5.600, 52.229, 1229, 0, 1229, 0, 0
obs_spitzer_50000, PWPR(2), 195.312, 20.619, 195.312, 1.131, 5.700, 9.472, 1.373, 1.771, 5.700, 52.187, 1213, 0, 1213, 0, 0
obs_spitzer_50000, PWPR(2), 195.312, 20.213, 195.312, 1.089, 5.800, 9.663, 1.379, 1.781, 5.800, 52.138, 1188, 0, 1188, 0, 0
obs_spitzer_50000, PWPR(2), 195.312, 19.977, 195.312, 1.073, 5.900, 9.777, 1.385, 1.789, 5.900, 52.096, 1174, 0, 1174, 0, 0
obs_spitzer_50000, PWPR(2), 195.312, 19.625, 195.312, 1.015, 6.000, 9.952, 1.389, 1.796, 5.999, 52.063, 1153, 0, 1153, 0, 0
obs_spitzer_50000, PWPR(2), 195.312, 19.390, 195.312, 1.043, 6.100, 10.073, 1.397, 1.808, 6.099, 52.004, 1138, 0, 1138, 0, 0
obs_spitzer_50000, PWPR(2), 195.312, 19.178, 195.312, 1.005, 6.200, 10.184, 1.398, 1.812, 6.200, 51.987, 1126, 0, 1126, 0, 0
obs_spitzer_50000, PWPR(2), 195.312, 18.780, 195.312, 1.010, 6.300, 10.400, 1.399, 1.818, 6.299, 51.958, 1106, 0, 1106, 0, 0
obs_spitzer_50000, PWPR(2), 195.312, 18.556, 195.312, 0.958, 6.400, 10.526, 1.404, 1.826, 6.400, 51.920, 1093, 0, 1093, 0, 0
obs_spitzer_50000, PWPR(2), 195.312, 18.394, 195.312, 0.963, 6.500, 10.619, 1.407, 1.832, 6.500, 51.889, 1083, 0, 1083, 0, 0
obs_spitzer_50000, PWPR(2), 195.312, 18.360, 195.312, 0.910, 6.600, 10.638, 1.413, 1.841, 6.599, 51.846, 1081, 0, 1081, 0, 0
obs_spitzer_50000, PWPR(2), 195.312, 18.285, 195.312, 1.066, 6.700, 10.681, 1.416, 1.847, 6.700, 51.821, 1077, 0, 1077, 0, 0
obs_spitzer_50000, PWPR(2), 195.312, 18.157, 195.312, 0.950, 6.800, 10.757, 1.419, 1.853, 6.800, 51.793, 1069, 0, 1069, 0, 0
obs_spitzer_50000, PWPR(2), 195.312, 17.996, 195.312, 0.995, 6.900, 10.853, 1.424, 1.863, 6.899, 51.745, 1059, 0, 1059, 0, 0
obs_spitzer_50000, PWPR(2), 195.312, 17.803, 195.312, 0.918, 7.000, 10.971, 1.429, 1.872, 7.000, 51.702, 1049, 0, 1049, 0, 0
obs_spitzer_50000, PWPR(2), 195.312, 17.577, 195.312, 0.966, 7.100, 11.112, 1.434, 1.880, 7.098, 51.667, 1035, 0, 1035, 0, 0
obs_spitzer_50000, PWPR(2), 195.312, 17.529, 195.312, 0.893, 7.200, 11.142, 1.436, 1.885, 7.199, 51.641, 1032, 0, 1032, 0, 0
obs_spitzer_50000, PWPR(2), 195.312, 17.430, 195.312, 0.925, 7.300, 11.206, 1.441, 1.894, 7.300, 51.600, 1026, 0, 1026, 0, 0
obs_spitzer_50000, PWPR(2), 195.312, 17.262, 195.312, 0.869, 7.400, 11.315, 1.444, 1.900, 7.399, 51.575, 1016, 0, 1016, 0, 0
obs_spitzer_50000, PWPR(2), 195.312, 17.097, 195.312, 0.898, 7.500, 11.424, 1.447, 1.907, 7.499, 51.544, 1006, 0, 1006, 0, 0
obs_spitzer_50000, PWPR(2), 195.312, 17.050, 195.312, 0.909, 7.600, 11.455, 1.451, 1.916, 7.600, 51.502, 1003, 0, 1003, 0, 0
obs_spitzer_50000, PWPR(2), 195.312, 16.969, 195.312, 0.937, 7.700, 11.510, 1.456, 1.927, 7.699, 51.453, 999, 0, 999, 0, 0
obs_spitzer_50000, PWPR(2), 195.312, 16.928, 195.312, 0.973, 7.800, 11.538, 1.459, 1.932, 7.800, 51.429, 997, 0, 997, 0, 0
obs_spitzer_50000, PWPR(2), 195.312, 16.820, 195.312, 0.930, 7.900, 11.612, 1.465, 1.944, 7.900, 51.377, 991, 0, 991, 0, 0
obs_spitzer_50000, PWPR(2), 195.312, 16.765, 195.312, 0.922, 8.000, 11.650, 1.470, 1.955, 7.998, 51.326, 988, 0, 988, 0, 0
obs_spitzer_50000, PWPR(2), 195.312, 16.724, 195.312, 0.850, 8.100, 11.679, 1.473, 1.962, 8.100, 51.297, 985, 0, 985, 0, 0
obs_spitzer_50000, PWPR(2), 195.312, 16.630, 195.312, 0.901, 8.200, 11.745, 1.476, 1.967, 8.196, 51.274, 980, 0, 980, 0, 0
obs_spitzer_50000, PWPR(2), 195.312, 16.558, 195.312, 0.848, 8.300, 11.796, 1.484, 1.983, 8.299, 51.203, 976, 0, 976, 0, 0
obs_spitzer_50000, PWPR(2), 195.312, 16.506, 195.312, 0.907, 8.400, 11.833, 1.487, 1.989, 8.400, 51.176, 973, 0, 973, 0, 0
obs_spitzer_50000, PWPR(2), 195.312, 16.434, 195.312, 0.885, 8.500, 11.885, 1.491, 1.998, 8.500, 51.138, 969, 0, 969, 0, 0
obs_spitzer_50000, PWPR(2), 195.312, 16.396, 195.312, 0.921, 8.600, 11.913, 1.497, 2.010, 8.599, 51.086, 967, 0, 967, 0, 0
obs_spitzer_50000, PWPR(2), 195.312, 16.310, 195.312, 0.898, 8.700, 11.975, 1.502, 2.021, 8.699, 51.039, 962, 0, 962, 0, 0
obs_spitzer_50000, PWPR(2), 195.312, 16.186, 195.312, 0.879, 8.800, 12.067, 1.512, 2.041, 8.800, 50.954, 954, 0, 954, 0, 0
obs_spitzer_50000, PWPR(2), 195.312, 16.088, 195.312, 0.871, 8.900, 12.140, 1.516, 2.049, 8.899, 50.918, 948, 0, 948, 0, 0
obs_spitzer_50000, PWPR(2), 195.312, 16.049, 195.312, 0.837, 9.000, 12.170, 1.518, 2.053, 8.999, 50.902, 947, 0, 947, 0, 0
obs_spitzer_50000, PWPR(2), 195.312, 15.932, 195.312, 0.872, 9.100, 12.259, 1.525, 2.066, 9.099, 50.849, 939, 0, 939, 0, 0
obs_spitzer_50000, PWPR(2), 195.312, 15.823, 195.312, 0.801, 9.200, 12.343, 1.532, 2.081, 9.200, 50.786, 932, 0, 932, 0, 0
obs_spitzer_50000, PWPR(2), 195.312, 15.713, 195.312, 0.793, 9.300, 12.430, 1.542, 2.099, 9.300, 50.710, 926, 0, 926, 0, 0
obs_spitzer_50000, PWPR(2), 195.312, 15.688, 195.312, 0.869, 9.400, 12.449, 1.547, 2.111, 9.399, 50.660, 925, 0, 925, 0, 0
obs_spitzer_50000, PWPR(2), 195.312, 15.695, 195.312, 0.852, 9.500, 12.444, 1.555, 2.128, 9.499, 50.590, 925, 0, 925, 0, 0
obs_spitzer_50000, PWPR(2), 195.312, 15.645, 195.312, 0.812, 9.600, 12.484, 1.559, 2.135, 9.598, 50.563, 922, 0, 922, 0, 0
obs_spitzer_50000, PWPR(2), 195.312, 15.613, 195.312, 0.881, 9.700, 12.509, 1.563, 2.144, 9.700, 50.526, 920, 0, 920, 0, 0
obs_spitzer_50000, PWPR(2), 195.312, 15.579, 195.312, 0.825, 9.800, 12.537, 1.566, 2.149, 9.800, 50.506, 918, 0, 918, 0, 0
obs_spitzer_50000, PWPR(2), 195.312, 15.487, 195.312, 0.839, 9.900, 12.611, 1.570, 2.159, 9.900, 50.465, 913, 0, 913, 0, 0
obs_spitzer_50000, PWPR(2), 195.312, 15.455, 195.312, 0.836, 10.000, 12.637, 1.572, 2.163, 10.000, 50.448, 911, 0, 911, 0, 0
obs_spitzer_50000, PWPR(3), 195.312, 191.089, 195.312, 8.533, 1.000, 1.022, 0.227, 0.355, 1.000, 66.136, 9628, 0, 0, 9628, 0
obs_spitzer_50000, PWPR(3), 195.312, 183.834, 195.312, 8.048, 1.100, 1.062, 0.273, 0.411, 1.100, 64.875, 9252, 0, 0, 9252, 0
obs_spitzer_50000, PWPR(3), 195.312, 176.629, 195.312, 7.682, 1.200, 1.106, 0.320, 0.467, 1.200, 63.771, 8882, 0, 0, 8882, 0
obs_spitzer_50000, PWPR(3), 195.312, 169.319, 195.312, 7.533, 1.300, 1.154, 0.367, 0.521, 1.300, 62.814, 8510, 0, 0, 8510, 0
obs_spitzer_50000, PWPR(3), 195.312, 162.378, 195.312, 7.044, 1.400, 1.203, 0.415, 0.576, 1.400, 61.935, 8153, 0, 0, 8153, 0
obs_spitzer_50000, PWPR(3), 195.312, 154.690, 195.312, 6.669, 1.500, 1.263, 0.465, 0.633, 1.500, 61.125, 7764, 0, 0, 7764, 0
obs_spitzer_50000, PWPR(3), 195.312, 147.140, 195.312, 6.409, 1.600, 1.327, 0.516, 0.689, 1.600, 60.380, 7379, 0, 0, 7379, 0
obs_spitzer_50000, PWPR(3), 195.312, 140.574, 195.312, 6.077, 1.700, 1.389, 0.561, 0.742, 1.700, 59.746, 7047, 0, 0, 7047, 0
obs_spitzer_50000, PWPR(3), 195.312, 133.188, 195.312, 6.106, 1.800, 1.466, 0.608, 0.795, 1.800, 59.145, 6669, 0, 0, 6669, 0
obs_spitzer_50000, PWPR(3), 195.312, 126.352, 195.312, 5.466, 1.900, 1.546, 0.655, 0.847, 1.900, 58.590, 6320, 0, 0, 6320, 0
obs_spitzer_50000, PWPR(3), 195.312, 119.887, 195.312, 5.173, 2.000, 1.629, 0.703, 0.902, 2.000, 58.042, 5991, 0, 0, 5991, 0
obs_spitzer_50000, PWPR(3), 195.312, 113.689, 195.312, 4.791, 2.100, 1.718, 0.745, 0.951, 2.100, 57.585, 5678, 0, 0, 5678, 0
obs_spitzer_50000, PWPR(3), 195.312, 106.836, 195.312, 4.593, 2.200, 1.828, 0.790, 1.002, 2.200, 57.129, 5324, 0, 0, 5324, 0
obs_spitzer_50000, PWPR(3), 195.312, 100.362, 195.312, 4.585, 2.300, 1.946, 0.833, 1.052, 2.300, 56.711, 5001, 0, 0, 5001, 0
obs_spitzer_50000, PWPR(3), 195.312, 94.580, 195.312, 4.346, 2.400, 2.065, 0.868, 1.094, 2.400, 56.369, 4710, 0, 0, 4710, 0
obs_spitzer_50000, PWPR(3), 195.312, 88.603, 195.312, 3.831, 2.500, 2.204, 0.905, 1.137, 2.500, 56.033, 4411, 0, 0, 4411, 0
obs_spitzer_50000, PWPR(3), 195.312, 83.261, 195.312, 3.591, 2.600, 2.346, 0.942, 1.181, 2.600, 55.704, 4139, 0, 0, 4139, 0
obs_spitzer_50000, PWPR(3), 195.312, 78.167, 195.312, 3.372, 2.700, 2.499, 0.975, 1.221, 2.700, 55.413, 3881, 0, 0, 3881, 0
obs_spitzer_50000, PWPR(3), 195.312, 73.046, 195.312, 3.197, 2.800, 2.674, 1.005, 1.259, 2.800, 55.151, 3622, 0, 0, 3622, 0
obs_spitzer_50000, PWPR(3), 195.312, 67.823, 195.312, 3.053, 2.900, 2.880, 1.037, 1.298, 2.900, 54.886, 3360, 0, 0, 3360, 0
obs_spitzer_50000, PWPR(3), 195.312, 64.140, 195.312, 3.408, 3.000, 3.045, 1.060, 1.328, 3.000, 54.683, 3173, 0, 0, 3173, 0
obs_spitzer_50000, PWPR(3), 195.312, 59.716, 195.312, 3.256, 3.100, 3.271, 1.086, 1.361, 3.100, 54.475, 2949, 0, 0, 2949, 0
obs_spitzer_50000, PWPR(3), 195.312, 56.119, 195.312, 2.920, 3.200, 3.480, 1.108, 1.389, 3.200, 54.295, 2767, 0, 0, 2767, 0
obs_spitzer_50000, PWPR(3), 195.312, 52.692, 195.312, 2.649, 3.300, 3.707, 1.130, 1.417, 3.300, 54.124, 2593, 0, 0, 2593, 0
obs_spitzer_50000, PWPR(3), 195.312, 49.577, 195.312, 2.533, 3.400, 3.940, 1.147, 1.440, 3.400, 53.985, 2439, 0, 0, 2439, 0
obs_spitzer_50000, PWPR(3), 195.312, 46.832, 195.312, 2.379, 3.500, 4.170, 1.163, 1.461, 3.500, 53.854, 2299, 0, 0, 2299, 0
obs_spitzer_50000, PWPR(3), 195.312, 44.381, 195.312, 2.201, 3.600, 4.401, 1.180, 1.484, 3.600, 53.722, 2175, 0, 0, 2175, 0
obs_spitzer_50000, PWPR(3), 195.312, 41.939, 195.312, 2.088, 3.700, 4.657, 1.197, 1.507, 3.700, 53.585, 2053, 0, 0, 2053, 0
obs_spitzer_50000, PWPR(3), 195.312, 39.942, 195.312, 2.009, 3.800, 4.890, 1.211, 1.527, 3.800, 53.472, 1955, 0, 0, 1955, 0
obs_spitzer_50000, PWPR(3), 195.312, 37.605, 195.312, 1.895, 3.900, 5.194, 1.225, 1.546, 3.900, 53.366, 1836, 0, 0, 1836, 0
obs_spitzer_50000, PWPR(3), 195.312, 36.038, 195.312, 1.824, 4.000, 5.420, 1.238, 1.565, 4.000, 53.262, 1758, 0, 0, 1758, 0
obs_spitzer_50000, PWPR(3), 195.312, 34.307, 195.312, 1.531, 4.100, 5.693, 1.252, 1.585, 4.100, 53.151, 1673, 0, 0, 1673, 0
obs_spitzer_50000, PWPR(3), 195.312, 32.899, 195.312, 1.388, 4.200, 5.937, 1.259, 1.595, 4.200, 53.092, 1604, 0, 0, 1604, 0
obs_spitzer_50000, PWPR(3), 195.312, 31.764, 195.312, 1.354, 4.300, 6.149, 1.268, 1.610, 4.300, 53.014, 1546, 0, 0, 1546, 0
obs_spitzer_50000, PWPR(3), 195.312, 30.632, 195.312, 1.334, 4.400, 6.376, 1.279, 1.625, 4.399, 52.930, 1491, 0, 0, 1491, 0
obs_spitzer_50000, PWPR(3), 195.312, 29.409, 195.312, 1.273, 4.500, 6.641, 1.288, 1.639, 4.500, 52.858, 1433, 0, 0, 1433, 0
obs_spitzer_50000, PWPR(3), 195.312, 28.407, 195.312, 1.289, 4.600, 6.875, 1.296, 1.651, 4.600, 52.794, 1383, 0, 0, 1383, 0
obs_spitzer_50000, PWPR(3), 195.312, 27.766, 195.312, 1.218, 4.700, 7.034, 1.304, 1.664, 4.700, 52.729, 1350, 0, 0, 1350, 0
obs_spitzer_50000, PWPR(3), 195.312, 26.822, 195.312, 1.200, 4.800, 7.282, 1.313, 1.677, 4.799, 52.661, 1303, 0, 0, 1303, 0
obs_spitzer_50000, PWPR(3), 195.312, 26.075, 195.312, 1.232, 4.900, 7.490, 1.320, 1.687, 4.900, 52.610, 1266, 0, 0, 1266, 0
obs_spitzer_50000, PWPR(3), 195.312, 25.614, 195.312, 1.203, 5.000, 7.625, 1.326, 1.698, 5.000, 52.549, 1242, 0, 0, 1242, 0
obs_spitzer_50000, PWPR(3), 195.312, 25.122, 195.312, 1.202, 5.100, 7.775, 1.331, 1.707, 5.099, 52.506, 1217, 0, 0, 1217, 0
obs_spitzer_50000, PWPR(3), 195.312, 24.514, 195.312, 1.082, 5.200, 7.967, 1.338, 1.718, 5.200, 52.450, 1188, 0, 0, 1188, 0
obs_spitzer_50000, PWPR(3), 195.312, 23.876, 195.312, 1.116, 5.300, 8.180, 1.345, 1.728, 5.300, 52.397, 1157, 0, 0, 1157, 0
obs_spitzer_50000, PWPR(3), 195.312, 23.233, 195.312, 1.035, 5.400, 8.407, 1.351, 1.738, 5.400, 52.349, 1126, 0, 0, 1126, 0
obs_spitzer_50000, PWPR(3), 195.312, 22.850, 195.312, 1.117, 5.500, 8.548, 1.362, 1.755, 5.499, 52.265, 1107, 0, 0, 1107, 0
obs_spitzer_50000, PWPR(3), 195.312, 22.380, 195.312, 1.023, 5.600, 8.727, 1.364, 1.761, 5.600, 52.235, 1085, 0, 0, 1085, 0
obs_spitzer_50000, PWPR(3), 195.312, 22.111, 195.312, 1.045, 5.700, 8.833, 1.374, 1.777, 5.700, 52.158, 1071, 0, 0, 1071, 0
obs_spitzer_50000, PWPR(3), 195.312, 21.697, 195.312, 0.955, 5.800, 9.002, 1.380, 1.786, 5.800, 52.114, 1051, 0, 0, 1051, 0
obs_spitzer_50000, PWPR(3), 195.312, 21.419, 195.312, 1.015, 5.900, 9.119, 1.385, 1.795, 5.900, 52.071, 1038, 0, 0, 1038, 0
obs_spitzer_50000, PWPR(3), 195.312, 21.106, 195.312, 0.913, 6.000, 9.254, 1.394, 1.808, 6.000, 52.005, 1023, 0, 0, 1023, 0
obs_spitzer_50000, PWPR(3), 195.312, 20.704, 195.312, 0.986, 6.100, 9.434, 1.397, 1.815, 6.099, 51.973, 1003, 0, 0, 1003, 0
obs_spitzer_50000, PWPR(3), 195.312, 20.474, 195.312, 0.896, 6.200, 9.540, 1.403, 1.826, 6.199, 51.921, 992, 0, 0, 992, 0
obs_spitzer_50000, PWPR(3), 195.312, 20.300, 195.312, 0.947, 6.300, 9.621, 1.409, 1.837, 6.299, 51.868, 983, 0, 0, 983, 0
obs_spitzer_50000, PWPR(3), 195.312, 20.162, 195.312, 0.864, 6.400, 9.687, 1.414, 1.846, 6.400, 51.825, 976, 0, 0, 976, 0
obs_spitzer_50000, PWPR(3), 195.312, 20.004, 195.312, 0.862, 6.500, 9.764, 1.418, 1.853, 6.499, 51.792, 968, 0, 0, 968, 0
obs_spitzer_50000, PWPR(3), 195.312, 19.854, 195.312, 0.881, 6.600, 9.838, 1.425, 1.864, 6.599, 51.742, 961, 0, 0, 961, 0
obs_spitzer_50000, PWPR(3), 195.312, 19.768, 195.312, 0.825, 6.700, 9.880, 1.427, 1.869, 6.700, 51.720, 956, 0, 0, 956, 0
obs_spitzer_50000, PWPR(3), 195.312, 19.562, 195.312, 0.883, 6.800, 9.985, 1.434, 1.879, 6.800, 51.669, 946, 0, 0, 946, 0
obs_spitzer_50000, PWPR(3), 195.312, 19.480, 195.312, 0.833, 6.900, 10.026, 1.440, 1.891, 6.900, 51.614, 942, 0, 0, 942, 0
obs_spitzer_50000, PWPR(3), 195.312, 19.312, 195.312, 0.875, 7.000, 10.114, 1.442, 1.895, 6.999, 51.598, 934, 0, 0, 934, 0
obs_spitzer_50000, PWPR(3), 195.312, 19.118, 195.312, 0.843, 7.100, 10.216, 1.448, 1.906, 7.100, 51.546, 924, 0, 0, 924, 0
obs_spitzer_50000, PWPR(3), 195.312, 18.913, 195.312, 0.799, 7.200, 10.327, 1.455, 1.918, 7.200, 51.494, 914, 0, 0, 914, 0
obs_spitzer_50000, PWPR(3), 195.312, 18.812, 195.312, 0.864, 7.300, 10.382, 1.460, 1.927, 7.299, 51.453, 909, 0, 0, 909, 0
obs_spitzer_50000, PWPR(3), 195.312, 18.672, 195.312, 0.796, 7.400, 10.460, 1.461, 1.932, 7.400, 51.429, 903, 0, 0, 903, 0
obs_spitzer_50000, PWPR(3), 195.312, 18.511, 195.312, 0.770, 7.500, 10.551, 1.464, 1.939, 7.499, 51.400, 895, 0, 0, 895, 0
obs_spitzer_50000, PWPR(3), 195.312, 18.373, 195.312, 0.839, 7.600, 10.630, 1.467, 1.945, 7.600, 51.372, 889, 0, 0, 889, 0
obs_spitzer_50000, PWPR(3), 195.312, 18.250, 195.312, 0.783, 7.700, 10.702, 1.472, 1.955, 7.700, 51.325, 883, 0, 0, 883, 0
obs_spitzer_50000, PWPR(3), 195.312, 18.188, 195.312, 0.808, 7.800, 10.739, 1.476, 1.963, 7.800, 51.290, 880, 0, 0, 880, 0
obs_spitzer_50000, PWPR(3), 195.312, 18.032, 195.312, 0.844, 7.900, 10.831, 1.480, 1.971, 7.899, 51.256, 872, 0, 0, 872, 0
obs_spitzer_50000, PWPR(3), 195.312, 17.949, 195.312, 0.803, 8.000, 10.881, 1.480, 1.973, 8.000, 51.248, 868, 0, 0, 868, 0
obs_spitzer_50000, PWPR(3), 195.312, 17.838, 195.312, 0.848, 8.100, 10.949, 1.486, 1.985, 8.099, 51.196, 864, 0, 0, 864, 0
obs_spitzer_50000, PWPR(3), 195.312, 17.725, 195.312, 0.824, 8.200, 11.019, 1.492, 1.994, 8.200, 51.153, 858, 0, 0, 858, 0
obs_spitzer_50000, PWPR(3), 195.312, 17.711, 195.312, 0.819, 8.300, 11.028, 1.498, 2.007, 8.300, 51.099, 857, 0, 0, 857, 0
obs_spitzer_50000, PWPR(3), 195.312, 17.594, 195.312, 0.794, 8.400, 11.101, 1.501, 2.014, 8.400, 51.067, 852, 0, 0, 852, 0
obs_spitzer_50000, PWPR(3), 195.312, 17.518, 195.312, 0.762, 8.500, 11.150, 1.505, 2.022, 8.500, 51.036, 848, 0, 0, 848, 0
obs_spitzer_50000, PWPR(3), 195.312, 17.354, 195.312, 0.827, 8.600, 11.254, 1.507, 2.028, 8.598, 51.007, 840, 0, 0, 840, 0
obs_spitzer_50000, PWPR(3), 195.312, 17.304, 195.312, 0.789, 8.700, 11.287, 1.508, 2.031, 8.699, 50.995, 837, 0, 0, 837, 0
obs_spitzer_50000, PWPR(3), 195.312, 17.148, 195.312, 0.782, 8.800, 11.390, 1.510, 2.037, 8.800, 50.969, 830, 0, 0, 830, 0
obs_spitzer_50000, PWPR(3), 195.312, 17.046, 195.312, 0.784, 8.900, 11.458, 1.516, 2.051, 8.898, 50.911, 826, 0, 0, 826, 0
obs_spitzer_50000, PWPR(3), 195.312, 17.013, 195.312, 0.724, 9.000, 11.480, 1.520, 2.059, 9.000, 50.877, 824, 0, 0, 824, 0
obs_spitzer_50000, PWPR(3), 195.312, 16.927, 195.312, 0.783, 9.100, 11.539, 1.525, 2.069, 9.098, 50.836, 819, 0, 0, 819, 0
obs_spitzer_50000, PWPR(3), 195.312, 16.847, 195.312, 0.755, 9.200, 11.594, 1.527, 2.074, 9.199, 50.813, 815, 0, 0, 815, 0
obs_spitzer_50000, PWPR(3), 195.312, 16.775, 195.312, 0.727, 9.300, 11.643, 1.529, 2.079, 9.297, 50.793, 812, 0, 0, 812, 0
obs_spitzer_50000, PWPR(3), 195.312, 16.732, 195.312, 0.776, 9.400, 11.673, 1.534, 2.088, 9.398, 50.755, 810, 0, 0, 810, 0
obs_spitzer_50000, PWPR(3), 195.312, 16.642, 195.312, 0.754, 9.500, 11.736, 1.537, 2.098, 9.499, 50.715, 805, 0, 0, 805, 0
obs_spitzer_50000, PWPR(3), 195.312, 16.600, 195.312, 0.718, 9.600, 11.766, 1.541, 2.104, 9.600, 50.687, 803, 0, 0, 803, 0
obs_spitzer_50000, PWPR(3), 195.312, 16.531, 195.312, 0.774, 9.700, 11.815, 1.544, 2.112, 9.700, 50.656, 799, 0, 0, 799, 0
obs_spitzer_50000, PWPR(3), 195.312, 16.460, 195.312, 0.704, 9.800, 11.866, 1.550, 2.126, 9.800, 50.599, 796, 0, 0, 796, 0
obs_spitzer_50000, PWPR(3), 195.312, 16.419, 195.312, 0.723, 9.900, 11.896, 1.552, 2.131, 9.899, 50.579, 794, 0, 0, 794, 0
obs_spitzer_50000, PWPR(3), 195.312, 16.341, 195.312, 0.722, 10.000, 11.952, 1.555, 2.139, 9.999, 50.543, 790, 0, 0, 790, 0
obs_spitzer_50000, PFPL, 195.312, 25.362, 195.312, 0.004, 1.000, 7.701, 0.471, 0.555, 1.000, 62.258, 0, 0, 0, 0, 0
obs_spitzer_50000, PFPL, 195.312, 23.928, 195.312, 0.003, 1.100, 8.163, 0.538, 0.628, 1.100, 61.185, 0, 0, 0, 0, 0
obs_spitzer_50000, PFPL, 195.312, 23.635, 195.312, 0.007, 1.200, 8.264, 0.595, 0.704, 1.200, 60.196, 0, 0, 0, 0, 0
obs_spitzer_50000, PFPL, 195.312, 21.653, 195.312, 0.003, 1.300, 9.020, 0.648, 0.779, 1.300, 59.322, 0, 0, 0, 0, 0
obs_spitzer_50000, PFPL, 195.312, 21.367, 195.312, 0.003, 1.400, 9.141, 0.689, 0.808, 1.399, 59.000, 0, 0, 0, 0, 0
obs_spitzer_50000, PFPL, 195.312, 20.627, 195.312, 0.003, 1.500, 9.469, 0.731, 0.855, 1.500, 58.515, 0, 0, 0, 0, 0
obs_spitzer_50000, PFPL, 195.312, 20.505, 195.312, 0.003, 1.600, 9.525, 0.768, 0.903, 1.600, 58.036, 0, 0, 0, 0, 0
obs_spitzer_50000, PFPL, 195.312, 20.166, 195.312, 0.003, 1.700, 9.685, 0.826, 0.966, 1.700, 57.447, 0, 0, 0, 0, 0
obs_spitzer_50000, PFPL, 195.312, 20.068, 195.312, 0.003, 1.800, 9.732, 0.880, 1.033, 1.800, 56.866, 0, 0, 0, 0, 0
obs_spitzer_50000, PFPL, 195.312, 19.237, 195.312, 0.003, 1.900, 10.153, 0.934, 1.109, 1.900, 56.250, 0, 0, 0, 0, 0
obs_spitzer_50000, PFPL, 195.312, 18.003, 195.312, 0.003, 2.000, 10.849, 0.973, 1.146, 2.000, 55.969, 0, 0, 0, 0, 0
obs_spitzer_50000, PFPL, 195.312, 17.898, 195.312, 0.003, 2.100, 10.912, 1.010, 1.186, 2.100, 55.671, 0, 0, 0, 0, 0
obs_spitzer_50000, PFPL, 195.312, 17.720, 195.312, 0.004, 2.200, 11.022, 1.047, 1.231, 2.199, 55.346, 0, 0, 0, 0, 0
obs_spitzer_50000, PFPL, 195.312, 17.598, 195.312, 0.003, 2.300, 11.099, 1.090, 1.282, 2.300, 54.992, 0, 0, 0, 0, 0
obs_spitzer_50000, PFPL, 195.312, 17.482, 195.312, 0.003, 2.400, 11.172, 1.132, 1.336, 2.399, 54.635, 0, 0, 0, 0, 0
obs_spitzer_50000, PFPL, 195.312, 17.391, 195.312, 0.003, 2.500, 11.231, 1.173, 1.394, 2.500, 54.265, 0, 0, 0, 0, 0
obs_spitzer_50000, PFPL, 195.312, 14.447, 195.312, 0.003, 2.600, 13.519, 1.207, 1.435, 2.599, 54.013, 0, 0, 0, 0, 0
obs_spitzer_50000, PFPL, 195.312, 14.400, 195.312, 0.003, 2.700, 13.563, 1.234, 1.467, 2.699, 53.823, 0, 0, 0, 0, 0
obs_spitzer_50000, PFPL, 195.312, 14.373, 195.312, 0.003, 2.800, 13.589, 1.260, 1.500, 2.797, 53.627, 0, 0, 0, 0, 0
obs_spitzer_50000, PFPL, 195.312, 14.347, 195.312, 0.003, 2.900, 13.614, 1.287, 1.537, 2.899, 53.418, 0, 0, 0, 0, 0
obs_spitzer_50000, PFPL, 195.312, 14.311, 195.312, 0.003, 3.000, 13.648, 1.313, 1.574, 2.998, 53.210, 0, 0, 0, 0, 0
obs_spitzer_50000, PFPL, 195.312, 14.216, 195.312, 0.003, 3.100, 13.739, 1.342, 1.616, 3.099, 52.981, 0, 0, 0, 0, 0
obs_spitzer_50000, PFPL, 195.312, 11.642, 195.312, 0.003, 3.200, 16.777, 1.368, 1.654, 3.200, 52.779, 0, 0, 0, 0, 0
obs_spitzer_50000, PFPL, 195.312, 11.164, 195.312, 0.003, 3.300, 17.495, 1.384, 1.675, 3.300, 52.668, 0, 0, 0, 0, 0
obs_spitzer_50000, PFPL, 195.312, 11.107, 195.312, 0.003, 3.400, 17.584, 1.401, 1.699, 3.400, 52.543, 0, 0, 0, 0, 0
obs_spitzer_50000, PFPL, 195.312, 11.042, 195.312, 0.004, 3.500, 17.688, 1.417, 1.724, 3.497, 52.419, 0, 0, 0, 0, 0
obs_spitzer_50000, PFPL, 195.312, 10.976, 195.312, 0.003, 3.600, 17.795, 1.435, 1.751, 3.598, 52.282, 0, 0, 0, 0, 0
obs_spitzer_50000, PFPL, 195.312, 10.914, 195.312, 0.003, 3.700, 17.895, 1.452, 1.778, 3.700, 52.151, 0, 0, 0, 0, 0
obs_spitzer_50000, PFPL, 195.312, 9.951, 195.312, 0.003, 3.800, 19.627, 1.469, 1.806, 3.800, 52.015, 0, 0, 0, 0, 0
obs_spitzer_50000, PFPL, 195.312, 8.724, 195.312, 0.003, 3.900, 22.389, 1.481, 1.823, 3.899, 51.932, 0, 0, 0, 0, 0
obs_spitzer_50000, PFPL, 195.312, 8.700, 195.312, 0.003, 4.000, 22.449, 1.491, 1.839, 3.999, 51.856, 0, 0, 0, 0, 0
obs_spitzer_50000, PFPL, 195.312, 8.641, 195.312, 0.003, 4.100, 22.604, 1.501, 1.856, 4.098, 51.779, 0, 0, 0, 0, 0
obs_spitzer_50000, PFPL, 195.312, 8.607, 195.312, 0.003, 4.200, 22.691, 1.512, 1.874, 4.198, 51.695, 0, 0, 0, 0, 0
obs_spitzer_50000, PFPL, 195.312, 8.577, 195.312, 0.003, 4.300, 22.771, 1.520, 1.890, 4.300, 51.619, 0, 0, 0, 0, 0
obs_spitzer_50000, PFPL, 195.312, 8.411, 195.312, 0.003, 4.400, 23.221, 1.530, 1.908, 4.400, 51.536, 0, 0, 0, 0, 0
obs_spitzer_50000, PFPL, 195.312, 7.058, 195.312, 0.003, 4.500, 27.674, 1.538, 1.922, 4.500, 51.475, 0, 0, 0, 0, 0
obs_spitzer_50000, PFPL, 195.312, 6.998, 195.312, 0.003, 4.600, 27.910, 1.543, 1.931, 4.599, 51.433, 0, 0, 0, 0, 0
obs_spitzer_50000, PFPL, 195.312, 6.979, 195.312, 0.003, 4.700, 27.984, 1.549, 1.942, 4.700, 51.384, 0, 0, 0, 0, 0
obs_spitzer_50000, PFPL, 195.312, 6.958, 195.312, 0.003, 4.800, 28.070, 1.555, 1.953, 4.780, 51.335, 0, 0, 0, 0, 0
obs_spitzer_50000, PFPL, 195.312, 6.921, 195.312, 0.003, 4.900, 28.221, 1.562, 1.966, 4.896, 51.276, 0, 0, 0, 0, 0
obs_spitzer_50000, PFPL, 195.312, 6.849, 195.312, 0.003, 5.000, 28.518, 1.568, 1.979, 5.000, 51.220, 0, 0, 0, 0, 0
obs_spitzer_50000, PFPL, 195.312, 6.033, 195.312, 0.005, 5.100, 32.373, 1.575, 1.992, 5.100, 51.163, 0, 0, 0, 0, 0
obs_spitzer_50000, PFPL, 195.312, 5.703, 195.312, 0.003, 5.200, 34.247, 1.580, 2.000, 5.196, 51.130, 0, 0, 0, 0, 0
obs_spitzer_50000, PFPL, 195.312, 5.637, 195.312, 0.003, 5.300, 34.650, 1.584, 2.008, 5.296, 51.092, 0, 0, 0, 0, 0
obs_spitzer_50000, PFPL, 195.312, 5.558, 195.312, 0.004, 5.400, 35.143, 1.590, 2.019, 5.398, 51.048, 0, 0, 0, 0, 0
obs_spitzer_50000, PFPL, 195.312, 5.524, 195.312, 0.003, 5.500, 35.354, 1.594, 2.027, 5.500, 51.012, 0, 0, 0, 0, 0
obs_spitzer_50000, PFPL, 195.312, 5.454, 195.312, 0.003, 5.600, 35.810, 1.600, 2.038, 5.599, 50.963, 0, 0, 0, 0, 0
obs_spitzer_50000, PFPL, 195.312, 5.150, 195.312, 0.003, 5.700, 37.922, 1.605, 2.048, 5.699, 50.921, 0, 0, 0, 0, 0
obs_spitzer_50000, PFPL, 195.312, 4.891, 195.312, 0.003, 5.800, 39.936, 1.609, 2.057, 5.800, 50.886, 0, 0, 0, 0, 0
obs_spitzer_50000, PFPL, 195.312, 4.872, 195.312, 0.003, 5.900, 40.088, 1.615, 2.067, 5.893, 50.843, 0, 0, 0, 0, 0
obs_spitzer_50000, PFPL, 195.312, 4.868, 195.312, 0.003, 6.000, 40.120, 1.620, 2.078, 5.990, 50.798, 0, 0, 0, 0, 0
obs_spitzer_50000, PFPL, 195.312, 4.846, 195.312, 0.003, 6.100, 40.306, 1.625, 2.088, 6.099, 50.756, 0, 0, 0, 0, 0
obs_spitzer_50000, PFPL, 195.312, 4.835, 195.312, 0.003, 6.200, 40.396, 1.629, 2.096, 6.198, 50.721, 0, 0, 0, 0, 0
obs_spitzer_50000, PFPL, 195.312, 4.734, 195.312, 0.003, 6.300, 41.254, 1.635, 2.106, 6.300, 50.679, 0, 0, 0, 0, 0
obs_spitzer_50000, PFPL, 195.312, 4.519, 195.312, 0.003, 6.400, 43.225, 1.640, 2.115, 6.400, 50.642, 0, 0, 0, 0, 0
obs_spitzer_50000, PFPL, 195.312, 4.478, 195.312, 0.003, 6.500, 43.621, 1.644, 2.124, 6.500, 50.607, 0, 0, 0, 0, 0
obs_spitzer_50000, PFPL, 195.312, 4.472, 195.312, 0.003, 6.600, 43.678, 1.647, 2.130, 6.597, 50.581, 0, 0, 0, 0, 0
obs_spitzer_50000, PFPL, 195.312, 4.465, 195.312, 0.003, 6.700, 43.745, 1.649, 2.137, 6.697, 50.552, 0, 0, 0, 0, 0
obs_spitzer_50000, PFPL, 195.312, 4.462, 195.312, 0.003, 6.800, 43.773, 1.650, 2.140, 6.798, 50.541, 0, 0, 0, 0, 0
obs_spitzer_50000, PFPL, 195.312, 4.423, 195.312, 0.003, 6.900, 44.160, 1.651, 2.144, 6.900, 50.523, 0, 0, 0, 0, 0
obs_spitzer_50000, PFPL, 195.312, 4.302, 195.312, 0.003, 7.000, 45.403, 1.653, 2.150, 6.999, 50.502, 0, 0, 0, 0, 0
obs_spitzer_50000, PFPL, 195.312, 4.239, 195.312, 0.003, 7.100, 46.072, 1.653, 2.152, 7.093, 50.493, 0, 0, 0, 0, 0
obs_spitzer_50000, PFPL, 195.312, 4.224, 195.312, 0.003, 7.200, 46.243, 1.652, 2.152, 7.197, 50.492, 0, 0, 0, 0, 0
obs_spitzer_50000, PFPL, 195.312, 4.209, 195.312, 0.003, 7.300, 46.404, 1.654, 2.155, 7.282, 50.481, 0, 0, 0, 0, 0
obs_spitzer_50000, PFPL, 195.312, 4.192, 195.312, 0.003, 7.400, 46.587, 1.658, 2.164, 7.399, 50.442, 0, 0, 0, 0, 0
obs_spitzer_50000, PFPL, 195.312, 4.184, 195.312, 0.003, 7.500, 46.685, 1.659, 2.169, 7.499, 50.424, 0, 0, 0, 0, 0
obs_spitzer_50000, PFPL, 195.312, 4.100, 195.312, 0.003, 7.600, 47.642, 1.661, 2.173, 7.597, 50.409, 0, 0, 0, 0, 0
obs_spitzer_50000, PFPL, 195.312, 4.033, 195.312, 0.003, 7.700, 48.426, 1.664, 2.181, 7.693, 50.377, 0, 0, 0, 0, 0
obs_spitzer_50000, PFPL, 195.312, 4.019, 195.312, 0.003, 7.800, 48.603, 1.670, 2.191, 7.791, 50.336, 0, 0, 0, 0, 0
obs_spitzer_50000, PFPL, 195.312, 4.021, 195.312, 0.003, 7.900, 48.567, 1.676, 2.203, 7.885, 50.289, 0, 0, 0, 0, 0
obs_spitzer_50000, PFPL, 195.312, 4.023, 195.312, 0.003, 8.000, 48.544, 1.681, 2.216, 7.980, 50.239, 0, 0, 0, 0, 0
obs_spitzer_50000, PFPL, 195.312, 4.018, 195.312, 0.003, 8.100, 48.614, 1.688, 2.231, 8.096, 50.179, 0, 0, 0, 0, 0
obs_spitzer_50000, PFPL, 195.312, 4.011, 195.312, 0.003, 8.200, 48.697, 1.693, 2.241, 8.197, 50.140, 0, 0, 0, 0, 0
obs_spitzer_50000, PFPL, 195.312, 3.952, 195.312, 0.003, 8.300, 49.419, 1.700, 2.255, 8.291, 50.085, 0, 0, 0, 0, 0
obs_spitzer_50000, PFPL, 195.312, 3.942, 195.312, 0.003, 8.400, 49.542, 1.704, 2.265, 8.380, 50.047, 0, 0, 0, 0, 0
obs_spitzer_50000, PFPL, 195.312, 3.919, 195.312, 0.003, 8.500, 49.838, 1.710, 2.278, 8.497, 50.000, 0, 0, 0, 0, 0
obs_spitzer_50000, PFPL, 195.312, 3.897, 195.312, 0.003, 8.600, 50.113, 1.713, 2.286, 8.586, 49.967, 0, 0, 0, 0, 0
obs_spitzer_50000, PFPL, 195.312, 3.866, 195.312, 0.003, 8.700, 50.518, 1.717, 2.296, 8.699, 49.929, 0, 0, 0, 0, 0
obs_spitzer_50000, PFPL, 195.312, 3.841, 195.312, 0.003, 8.800, 50.852, 1.719, 2.303, 8.800, 49.904, 0, 0, 0, 0, 0
obs_spitzer_50000, PFPL, 195.312, 3.808, 195.312, 0.003, 8.900, 51.295, 1.720, 2.306, 8.895, 49.892, 0, 0, 0, 0, 0
obs_spitzer_50000, PFPL, 195.312, 3.751, 195.312, 0.003, 9.000, 52.070, 1.721, 2.309, 8.970, 49.879, 0, 0, 0, 0, 0
obs_spitzer_50000, PFPL, 195.312, 3.718, 195.312, 0.004, 9.100, 52.535, 1.722, 2.314, 9.086, 49.863, 0, 0, 0, 0, 0
obs_spitzer_50000, PFPL, 195.312, 3.706, 195.312, 0.003, 9.200, 52.701, 1.724, 2.322, 9.172, 49.833, 0, 0, 0, 0, 0
obs_spitzer_50000, PFPL, 195.312, 3.679, 195.312, 0.003, 9.300, 53.093, 1.724, 2.326, 9.294, 49.817, 0, 0, 0, 0, 0
obs_spitzer_50000, PFPL, 195.312, 3.663, 195.312, 0.003, 9.400, 53.319, 1.724, 2.327, 9.378, 49.814, 0, 0, 0, 0, 0
obs_spitzer_50000, PFPL, 195.312, 3.634, 195.312, 0.003, 9.500, 53.749, 1.725, 2.331, 9.495, 49.799, 0, 0, 0, 0, 0
obs_spitzer_50000, PFPL, 195.312, 3.599, 195.312, 0.003, 9.600, 54.274, 1.724, 2.332, 9.592, 49.796, 0, 0, 0, 0, 0
obs_spitzer_50000, PFPL, 195.312, 3.587, 195.312, 0.003, 9.700, 54.451, 1.724, 2.335, 9.681, 49.785, 0, 0, 0, 0, 0
obs_spitzer_50000, PFPL, 195.312, 3.563, 195.312, 0.003, 9.800, 54.810, 1.723, 2.334, 9.781, 49.787, 0, 0, 0, 0, 0
obs_spitzer_50000, PFPL, 195.312, 3.557, 195.312, 0.003, 9.900, 54.915, 1.721, 2.331, 9.884, 49.799, 0, 0, 0, 0, 0
obs_spitzer_50000, PFPL, 195.312, 3.529, 195.312, 0.003, 10.000, 55.340, 1.721, 2.334, 9.992, 49.788, 0, 0, 0, 0, 0
obs_spitzer_50000, SZ3, 195.312, 18.617, 195.312, 0.004, 1.000, 10.491, 0.499, 0.576, 1.000, 61.936, 0, 0, 0, 0, 0
obs_spitzer_50000, SZ3, 195.312, 17.703, 195.312, 0.003, 1.100, 11.033, 0.548, 0.633, 1.100, 61.117, 0, 0, 0, 0, 0
obs_spitzer_50000, SZ3, 195.312, 16.928, 195.312, 0.004, 1.200, 11.538, 0.598, 0.691, 1.200, 60.360, 0, 0, 0, 0, 0
obs_spitzer_50000, SZ3, 195.312, 16.718, 195.312, 0.004, 1.300, 11.683, 0.652, 0.752, 1.300, 59.624, 0, 0, 0, 0, 0
obs_spitzer_50000, SZ3, 195.312, 15.621, 195.312, 0.006, 1.400, 12.503, 0.699, 0.807, 1.400, 59.014, 0, 0, 0, 0, 0
obs_spitzer_50000, SZ3, 195.312, 15.473, 195.312, 0.004, 1.500, 12.623, 0.753, 0.869, 1.500, 58.367, 0, 0, 0, 0, 0
obs_spitzer_50000, SZ3, 195.312, 14.537, 195.312, 0.004, 1.600, 13.435, 0.798, 0.921, 1.600, 57.863, 0, 0, 0, 0, 0
obs_spitzer_50000, SZ3, 195.312, 13.983, 195.312, 0.003, 1.700, 13.967, 0.848, 0.979, 1.700, 57.335, 0, 0, 0, 0, 0
obs_spitzer_50000, SZ3, 195.312, 13.389, 195.312, 0.004, 1.800, 14.588, 0.898, 1.037, 1.800, 56.834, 0, 0, 0, 0, 0
obs_spitzer_50000, SZ3, 195.312, 13.021, 195.312, 0.003, 1.900, 15.000, 0.948, 1.095, 1.900, 56.358, 0, 0, 0, 0, 0
obs_spitzer_50000, SZ3, 195.312, 12.561, 195.312, 0.003, 2.000, 15.550, 1.001, 1.156, 2.000, 55.891, 0, 0, 0, 0, 0
obs_spitzer_50000, SZ3, 195.312, 12.191, 195.312, 0.003, 2.100, 16.021, 1.048, 1.211, 2.100, 55.489, 0, 0, 0, 0, 0
obs_spitzer_50000, SZ3, 195.312, 13.433, 195.312, 0.004, 2.200, 14.540, 0.922, 1.089, 2.200, 56.405, 0, 0, 0, 0, 0
obs_spitzer_50000, SZ3, 195.312, 11.521, 195.312, 0.003, 2.300, 16.953, 1.143, 1.321, 2.300, 54.734, 0, 0, 0, 0, 0
obs_spitzer_50000, SZ3, 195.312, 11.188, 195.312, 0.003, 2.400, 17.458, 1.186, 1.373, 2.400, 54.397, 0, 0, 0, 0, 0
obs_spitzer_50000, SZ3, 195.312, 10.828, 195.312, 0.003, 2.500, 18.038, 1.228, 1.424, 2.500, 54.077, 0, 0, 0, 0, 0
obs_spitzer_50000, SZ3, 195.312, 10.485, 195.312, 0.003, 2.600, 18.627, 1.272, 1.477, 2.600, 53.763, 0, 0, 0, 0, 0
obs_spitzer_50000, SZ3, 195.312, 10.207, 195.312, 0.005, 2.700, 19.135, 1.312, 1.527, 2.700, 53.474, 0, 0, 0, 0, 0
obs_spitzer_50000, SZ3, 195.312, 11.430, 195.312, 0.003, 2.800, 17.088, 1.141, 1.355, 2.800, 54.509, 0, 0, 0, 0, 0
obs_spitzer_50000, SZ3, 195.312, 9.687, 195.312, 0.003, 2.900, 20.163, 1.390, 1.623, 2.900, 52.945, 0, 0, 0, 0, 0
obs_spitzer_50000, SZ3, 195.312, 9.369, 195.312, 0.003, 3.000, 20.846, 1.423, 1.665, 3.000, 52.723, 0, 0, 0, 0, 0
obs_spitzer_50000, SZ3, 195.312, 9.155, 195.312, 0.003, 3.100, 21.333, 1.455, 1.706, 3.100, 52.509, 0, 0, 0, 0, 0
obs_spitzer_50000, SZ3, 195.312, 10.353, 195.312, 0.003, 3.200, 18.866, 1.275, 1.518, 3.200, 53.526, 0, 0, 0, 0, 0
obs_spitzer_50000, SZ3, 195.312, 8.603, 195.312, 0.003, 3.300, 22.704, 1.515, 1.787, 3.300, 52.109, 0, 0, 0, 0, 0
obs_spitzer_50000, SZ3, 195.312, 8.331, 195.312, 0.003, 3.400, 23.444, 1.530, 1.812, 3.400, 51.986, 0, 0, 0, 0, 0
obs_spitzer_50000, SZ3, 195.312, 8.055, 195.312, 0.003, 3.500, 24.248, 1.555, 1.848, 3.500, 51.816, 0, 0, 0, 0, 0
obs_spitzer_50000, SZ3, 195.312, 8.417, 195.312, 0.003, 3.600, 23.205, 1.630, 1.928, 3.600, 51.446, 0, 0, 0, 0, 0
obs_spitzer_50000, SZ3, 195.312, 7.662, 195.312, 0.003, 3.700, 25.491, 1.600, 1.911, 3.700, 51.522, 0, 0, 0, 0, 0
obs_spitzer_50000, SZ3, 195.312, 7.417, 195.312, 0.003, 3.800, 26.333, 1.625, 1.944, 3.800, 51.374, 0, 0, 0, 0, 0
obs_spitzer_50000, SZ3, 195.312, 7.131, 195.312, 0.004, 3.900, 27.390, 1.637, 1.966, 3.900, 51.280, 0, 0, 0, 0, 0
obs_spitzer_50000, SZ3, 195.312, 7.482, 195.312, 0.003, 4.000, 26.103, 1.724, 2.060, 4.000, 50.873, 0, 0, 0, 0, 0
obs_spitzer_50000, SZ3, 195.312, 6.822, 195.312, 0.003, 4.100, 28.629, 1.676, 2.022, 4.100, 51.033, 0, 0, 0, 0, 0
obs_spitzer_50000, SZ3, 195.312, 6.701, 195.312, 0.003, 4.200, 29.146, 1.696, 2.052, 4.200, 50.908, 0, 0, 0, 0, 0
obs_spitzer_50000, SZ3, 195.312, 6.498, 195.312, 0.003, 4.300, 30.057, 1.711, 2.075, 4.300, 50.811, 0, 0, 0, 0, 0
obs_spitzer_50000, SZ3, 195.312, 6.224, 195.312, 0.003, 4.400, 31.382, 1.723, 2.094, 4.400, 50.730, 0, 0, 0, 0, 0
obs_spitzer_50000, SZ3, 195.312, 5.947, 195.312, 0.003, 4.500, 32.841, 1.728, 2.108, 4.500, 50.673, 0, 0, 0, 0, 0
obs_spitzer_50000, SZ3, 195.312, 6.175, 195.312, 0.003, 4.600, 31.631, 1.812, 2.202, 4.600, 50.295, 0, 0, 0, 0, 0
obs_spitzer_50000, SZ3, 195.312, 6.118, 195.312, 0.003, 4.700, 31.923, 1.830, 2.227, 4.700, 50.195, 0, 0, 0, 0, 0
obs_spitzer_50000, SZ3, 195.312, 5.927, 195.312, 0.004, 4.800, 32.954, 1.848, 2.253, 4.800, 50.093, 0, 0, 0, 0, 0
obs_spitzer_50000, SZ3, 195.312, 5.794, 195.312, 0.003, 4.900, 33.710, 1.862, 2.276, 4.900, 50.008, 0, 0, 0, 0, 0
obs_spitzer_50000, SZ3, 195.312, 5.023, 195.312, 0.003, 5.000, 38.880, 1.786, 2.203, 5.000, 50.288, 0, 0, 0, 0, 0
obs_spitzer_50000, SZ3, 195.312, 4.842, 195.312, 0.003, 5.100, 40.339, 1.793, 2.217, 5.100, 50.234, 0, 0, 0, 0, 0
obs_spitzer_50000, SZ3, 195.312, 4.617, 195.312, 0.003, 5.200, 42.301, 1.795, 2.224, 5.199, 50.207, 0, 0, 0, 0, 0
obs_spitzer_50000, SZ3, 195.312, 4.582, 195.312, 0.005, 5.300, 42.626, 1.807, 2.244, 5.299, 50.130, 0, 0, 0, 0, 0
obs_spitzer_50000, SZ3, 195.312, 4.473, 195.312, 0.003, 5.400, 43.668, 1.818, 2.261, 5.400, 50.063, 0, 0, 0, 0, 0
obs_spitzer_50000, SZ3, 195.312, 3.226, 195.312, 0.003, 5.500, 60.551, 1.594, 2.027, 5.500, 51.012, 0, 0, 0, 0, 0
obs_spitzer_50000, SZ3, 195.312, 3.184, 195.312, 0.003, 5.600, 61.350, 1.600, 2.038, 5.599, 50.963, 0, 0, 0, 0, 0
obs_spitzer_50000, SZ3, 195.312, 3.037, 195.312, 0.003, 5.700, 64.309, 1.605, 2.048, 5.700, 50.921, 0, 0, 0, 0, 0
obs_spitzer_50000, SZ3, 195.312, 4.094, 195.312, 0.003, 5.800, 47.710, 1.857, 2.324, 5.800, 49.826, 0, 0, 0, 0, 0
obs_spitzer_50000, SZ3, 195.312, 4.031, 195.312, 0.003, 5.900, 48.450, 1.867, 2.341, 5.900, 49.760, 0, 0, 0, 0, 0
obs_spitzer_50000, SZ3, 195.312, 6.214, 195.312, 0.003, 6.000, 31.432, 1.925, 2.363, 6.000, 49.681, 0, 0, 0, 0, 0
obs_spitzer_50000, SZ3, 195.312, 4.265, 195.312, 0.003, 6.100, 45.798, 1.966, 2.467, 6.100, 49.307, 0, 0, 0, 0, 0
obs_spitzer_50000, SZ3, 195.312, 3.811, 195.312, 0.003, 6.200, 51.256, 1.909, 2.405, 6.200, 49.527, 0, 0, 0, 0, 0
obs_spitzer_50000, SZ3, 195.312, 3.688, 195.312, 0.003, 6.300, 52.952, 1.918, 2.420, 6.299, 49.473, 0, 0, 0, 0, 0
obs_spitzer_50000, SZ3, 195.312, 3.661, 195.312, 0.003, 6.400, 53.348, 1.927, 2.436, 6.400, 49.416, 0, 0, 0, 0, 0
obs_spitzer_50000, SZ3, 195.312, 3.992, 195.312, 0.003, 6.500, 48.924, 2.008, 2.537, 6.500, 49.063, 0, 0, 0, 0, 0
obs_spitzer_50000, SZ3, 195.312, 3.599, 195.312, 0.003, 6.600, 54.274, 1.957, 2.482, 6.600, 49.253, 0, 0, 0, 0, 0
obs_spitzer_50000, SZ3, 195.312, 4.932, 195.312, 0.003, 6.700, 39.604, 1.878, 2.344, 6.700, 49.750, 0, 0, 0, 0, 0
obs_spitzer_50000, SZ3, 195.312, 3.793, 195.312, 0.003, 6.800, 51.493, 2.036, 2.585, 6.799, 48.901, 0, 0, 0, 0, 0
obs_spitzer_50000, SZ3, 195.312, 3.411, 195.312, 0.003, 6.900, 57.257, 1.998, 2.546, 6.900, 49.033, 0, 0, 0, 0, 0
obs_spitzer_50000, SZ3, 195.312, 3.362, 195.312, 0.003, 7.000, 58.089, 2.015, 2.571, 6.998, 48.946, 0, 0, 0, 0, 0
obs_spitzer_50000, SZ3, 195.312, 3.626, 195.312, 0.003, 7.100, 53.865, 2.075, 2.649, 7.100, 48.688, 0, 0, 0, 0, 0
obs_spitzer_50000, SZ3, 195.312, 3.242, 195.312, 0.003, 7.200, 60.241, 2.036, 2.605, 7.200, 48.834, 0, 0, 0, 0, 0
obs_spitzer_50000, SZ3, 195.312, 3.248, 195.312, 0.003, 7.300, 60.132, 2.046, 2.621, 7.300, 48.780, 0, 0, 0, 0, 0
obs_spitzer_50000, SZ3, 195.312, 3.176, 195.312, 0.003, 7.400, 61.501, 2.055, 2.637, 7.400, 48.726, 0, 0, 0, 0, 0
obs_spitzer_50000, SZ3, 195.312, 3.158, 195.312, 0.003, 7.500, 61.843, 2.066, 2.656, 7.499, 48.664, 0, 0, 0, 0, 0
obs_spitzer_50000, SZ3, 195.312, 3.115, 195.312, 0.003, 7.600, 62.696, 2.073, 2.668, 7.599, 48.625, 0, 0, 0, 0, 0
obs_spitzer_50000, SZ3, 195.312, 3.016, 195.312, 0.003, 7.700, 64.767, 2.083, 2.685, 7.700, 48.569, 0, 0, 0, 0, 0
obs_spitzer_50000, SZ3, 195.312, 2.993, 195.312, 0.003, 7.800, 65.253, 2.093, 2.702, 7.800, 48.517, 0, 0, 0, 0, 0
obs_spitzer_50000, SZ3, 195.312, 2.974, 195.312, 0.003, 7.900, 65.681, 2.098, 2.713, 7.899, 48.482, 0, 0, 0, 0, 0
obs_spitzer_50000, SZ3, 195.312, 2.948, 195.312, 0.003, 8.000, 66.247, 2.105, 2.727, 7.999, 48.436, 0, 0, 0, 0, 0
obs_spitzer_50000, SZ3, 195.312, 2.909, 195.312, 0.003, 8.100, 67.137, 2.114, 2.743, 8.099, 48.385, 0, 0, 0, 0, 0
obs_spitzer_50000, SZ3, 195.312, 2.914, 195.312, 0.003, 8.200, 67.024, 2.120, 2.755, 8.199, 48.347, 0, 0, 0, 0, 0
obs_spitzer_50000, SZ3, 195.312, 2.938, 195.312, 0.003, 8.300, 66.467, 2.127, 2.769, 8.299, 48.303, 0, 0, 0, 0, 0
obs_spitzer_50000, SZ3, 195.312, 2.104, 195.312, 0.005, 8.400, 92.851, 1.704, 2.265, 8.380, 50.047, 0, 0, 0, 0, 0
obs_spitzer_50000, SZ3, 195.312, 2.048, 195.312, 0.003, 8.500, 95.374, 1.710, 2.278, 8.497, 50.000, 0, 0, 0, 0, 0
obs_spitzer_50000, SZ3, 195.312, 2.058, 195.312, 0.003, 8.600, 94.922, 1.713, 2.286, 8.586, 49.967, 0, 0, 0, 0, 0
obs_spitzer_50000, SZ3, 195.312, 2.007, 195.312, 0.003, 8.700, 97.324, 1.717, 2.296, 8.699, 49.929, 0, 0, 0, 0, 0
obs_spitzer_50000, SZ3, 195.312, 1.992, 195.312, 0.004, 8.800, 98.039, 1.719, 2.303, 8.800, 49.904, 0, 0, 0, 0, 0
obs_spitzer_50000, SZ3, 195.312, 1.948, 195.312, 0.004, 8.900, 100.251, 1.720, 2.306, 8.894, 49.892, 0, 0, 0, 0, 0
obs_spitzer_50000, SZ3, 195.312, 1.939, 195.312, 0.004, 9.000, 100.705, 1.721, 2.309, 8.970, 49.879, 0, 0, 0, 0, 0
obs_spitzer_50000, SZ3, 195.312, 1.952, 195.312, 0.003, 9.100, 100.050, 1.722, 2.314, 9.086, 49.863, 0, 0, 0, 0, 0
obs_spitzer_50000, SZ3, 195.312, 1.896, 195.312, 0.004, 9.200, 102.987, 1.724, 2.322, 9.172, 49.833, 0, 0, 0, 0, 0
obs_spitzer_50000, SZ3, 195.312, 1.891, 195.312, 0.003, 9.300, 103.306, 1.724, 2.326, 9.294, 49.817, 0, 0, 0, 0, 0
obs_spitzer_50000, SZ3, 195.312, 1.861, 195.312, 0.003, 9.400, 104.932, 1.724, 2.327, 9.378, 49.814, 0, 0, 0, 0, 0
obs_spitzer_50000, SZ3, 195.312, 1.841, 195.312, 0.003, 9.500, 106.101, 1.725, 2.331, 9.495, 49.799, 0, 0, 0, 0, 0
obs_spitzer_50000, SZ3, 195.312, 1.810, 195.312, 0.003, 9.600, 107.933, 1.724, 2.332, 9.592, 49.795, 0, 0, 0, 0, 0
obs_spitzer_50000, SZ3, 195.312, 2.443, 195.312, 0.003, 9.700, 79.936, 2.180, 2.906, 9.700, 47.883, 0, 0, 0, 0, 0
obs_spitzer_50000, SZ3, 195.312, 2.405, 195.312, 0.003, 9.800, 81.202, 2.182, 2.912, 9.800, 47.867, 0, 0, 0, 0, 0
obs_spitzer_50000, SZ3, 195.312, 2.425, 195.312, 0.003, 9.900, 80.548, 2.187, 2.924, 9.900, 47.829, 0, 0, 0, 0, 0
obs_spitzer_50000, SZ3, 195.312, 1.626, 195.312, 0.004, 10.000, 120.120, 1.721, 2.334, 9.992, 49.788, 0, 0, 0, 0, 0
obs_spitzer_50000, ZFP, 195.312, 43.219, 195.312, 0.003, 1.000, 4.519, 0.137, 0.170, 0.589, 72.538, 0, 0, 0, 0, 0
obs_spitzer_50000, ZFP, 195.312, 43.219, 195.312, 0.003, 1.100, 4.519, 0.137, 0.170, 0.589, 72.538, 0, 0, 0, 0, 0
obs_spitzer_50000, ZFP, 195.312, 43.219, 195.312, 0.003, 1.200, 4.519, 0.137, 0.170, 0.589, 72.538, 0, 0, 0, 0, 0
obs_spitzer_50000, ZFP, 195.312, 43.219, 195.312, 0.003, 1.300, 4.519, 0.137, 0.170, 0.589, 72.538, 0, 0, 0, 0, 0
obs_spitzer_50000, ZFP, 195.312, 43.219, 195.312, 0.003, 1.400, 4.519, 0.137, 0.170, 0.589, 72.538, 0, 0, 0, 0, 0
obs_spitzer_50000, ZFP, 195.312, 43.219, 195.312, 0.003, 1.500, 4.519, 0.137, 0.170, 0.589, 72.538, 0, 0, 0, 0, 0
obs_spitzer_50000, ZFP, 195.312, 43.219, 195.312, 0.003, 1.600, 4.519, 0.137, 0.170, 0.589, 72.538, 0, 0, 0, 0, 0
obs_spitzer_50000, ZFP, 195.312, 43.219, 195.312, 0.003, 1.700, 4.519, 0.137, 0.170, 0.589, 72.538, 0, 0, 0, 0, 0
obs_spitzer_50000, ZFP, 195.312, 43.219, 195.312, 0.003, 1.800, 4.519, 0.137, 0.170, 0.589, 72.538, 0, 0, 0, 0, 0
obs_spitzer_50000, ZFP, 195.312, 43.219, 195.312, 0.003, 1.900, 4.519, 0.137, 0.170, 0.589, 72.538, 0, 0, 0, 0, 0
obs_spitzer_50000, ZFP, 195.312, 37.094, 195.312, 0.003, 2.000, 5.265, 0.272, 0.337, 1.207, 66.598, 0, 0, 0, 0, 0
obs_spitzer_50000, ZFP, 195.312, 37.094, 195.312, 0.003, 2.100, 5.265, 0.272, 0.337, 1.207, 66.598, 0, 0, 0, 0, 0
obs_spitzer_50000, ZFP, 195.312, 37.094, 195.312, 0.003, 2.200, 5.265, 0.272, 0.337, 1.207, 66.598, 0, 0, 0, 0, 0
obs_spitzer_50000, ZFP, 195.312, 37.094, 195.312, 0.003, 2.300, 5.265, 0.272, 0.337, 1.207, 66.598, 0, 0, 0, 0, 0
obs_spitzer_50000, ZFP, 195.312, 37.094, 195.312, 0.003, 2.400, 5.265, 0.272, 0.337, 1.207, 66.598, 0, 0, 0, 0, 0
obs_spitzer_50000, ZFP, 195.312, 37.094, 195.312, 0.004, 2.500, 5.265, 0.272, 0.337, 1.207, 66.598, 0, 0, 0, 0, 0
obs_spitzer_50000, ZFP, 195.312, 37.094, 195.312, 0.003, 2.600, 5.265, 0.272, 0.337, 1.207, 66.598, 0, 0, 0, 0, 0
obs_spitzer_50000, ZFP, 195.312, 37.094, 195.312, 0.003, 2.700, 5.265, 0.272, 0.337, 1.207, 66.598, 0, 0, 0, 0, 0
obs_spitzer_50000, ZFP, 195.312, 37.094, 195.312, 0.003, 2.800, 5.265, 0.272, 0.337, 1.207, 66.598, 0, 0, 0, 0, 0
obs_spitzer_50000, ZFP, 195.312, 37.094, 195.312, 0.003, 2.900, 5.265, 0.272, 0.337, 1.207, 66.598, 0, 0, 0, 0, 0
obs_spitzer_50000, ZFP, 195.312, 37.094, 195.312, 0.003, 3.000, 5.265, 0.272, 0.337, 1.207, 66.598, 0, 0, 0, 0, 0
obs_spitzer_50000, ZFP, 195.312, 37.094, 195.312, 0.003, 3.100, 5.265, 0.272, 0.337, 1.207, 66.598, 0, 0, 0, 0, 0
obs_spitzer_50000, ZFP, 195.312, 37.094, 195.312, 0.003, 3.200, 5.265, 0.272, 0.337, 1.207, 66.598, 0, 0, 0, 0, 0
obs_spitzer_50000, ZFP, 195.312, 37.094, 195.312, 0.003, 3.300, 5.265, 0.272, 0.337, 1.207, 66.598, 0, 0, 0, 0, 0
obs_spitzer_50000, ZFP, 195.312, 37.094, 195.312, 0.003, 3.400, 5.265, 0.272, 0.337, 1.207, 66.598, 0, 0, 0, 0, 0
obs_spitzer_50000, ZFP, 195.312, 37.094, 195.312, 0.003, 3.500, 5.265, 0.272, 0.337, 1.207, 66.598, 0, 0, 0, 0, 0
obs_spitzer_50000, ZFP, 195.312, 37.094, 195.312, 0.003, 3.600, 5.265, 0.272, 0.337, 1.207, 66.598, 0, 0, 0, 0, 0
obs_spitzer_50000, ZFP, 195.312, 37.094, 195.312, 0.003, 3.700, 5.265, 0.272, 0.337, 1.207, 66.598, 0, 0, 0, 0, 0
obs_spitzer_50000, ZFP, 195.312, 37.094, 195.312, 0.004, 3.800, 5.265, 0.272, 0.337, 1.207, 66.598, 0, 0, 0, 0, 0
obs_spitzer_50000, ZFP, 195.312, 37.094, 195.312, 0.003, 3.900, 5.265, 0.272, 0.337, 1.207, 66.598, 0, 0, 0, 0, 0
obs_spitzer_50000, ZFP, 195.312, 30.898, 195.312, 0.003, 4.000, 6.321, 0.538, 0.666, 2.259, 60.674, 0, 0, 0, 0, 0
obs_spitzer_50000, ZFP, 195.312, 30.898, 195.312, 0.003, 4.100, 6.321, 0.538, 0.666, 2.259, 60.674, 0, 0, 0, 0, 0
obs_spitzer_50000, ZFP, 195.312, 30.898, 195.312, 0.003, 4.200, 6.321, 0.538, 0.666, 2.259, 60.674, 0, 0, 0, 0, 0
obs_spitzer_50000, ZFP, 195.312, 30.898, 195.312, 0.003, 4.300, 6.321, 0.538, 0.666, 2.259, 60.674, 0, 0, 0, 0, 0
obs_spitzer_50000, ZFP, 195.312, 30.898, 195.312, 0.003, 4.400, 6.321, 0.538, 0.666, 2.259, 60.674, 0, 0, 0, 0, 0
obs_spitzer_50000, ZFP, 195.312, 30.898, 195.312, 0.003, 4.500, 6.321, 0.538, 0.666, 2.259, 60.674, 0, 0, 0, 0, 0
obs_spitzer_50000, ZFP, 195.312, 30.898, 195.312, 0.003, 4.600, 6.321, 0.538, 0.666, 2.259, 60.674, 0, 0, 0, 0, 0
obs_spitzer_50000, ZFP, 195.312, 30.898, 195.312, 0.003, 4.700, 6.321, 0.538, 0.666, 2.259, 60.674, 0, 0, 0, 0, 0
obs_spitzer_50000, ZFP, 195.312, 30.898, 195.312, 0.003, 4.800, 6.321, 0.538, 0.666, 2.259, 60.674, 0, 0, 0, 0, 0
obs_spitzer_50000, ZFP, 195.312, 30.898, 195.312, 0.003, 4.900, 6.321, 0.538, 0.666, 2.259, 60.674, 0, 0, 0, 0, 0
obs_spitzer_50000, ZFP, 195.312, 30.898, 195.312, 0.003, 5.000, 6.321, 0.538, 0.666, 2.259, 60.674, 0, 0, 0, 0, 0
obs_spitzer_50000, ZFP, 195.312, 30.898, 195.312, 0.003, 5.100, 6.321, 0.538, 0.666, 2.259, 60.674, 0, 0, 0, 0, 0
obs_spitzer_50000, ZFP, 195.312, 30.898, 195.312, 0.004, 5.200, 6.321, 0.538, 0.666, 2.259, 60.674, 0, 0, 0, 0, 0
obs_spitzer_50000, ZFP, 195.312, 30.898, 195.312, 0.004, 5.300, 6.321, 0.538, 0.666, 2.259, 60.674, 0, 0, 0, 0, 0
obs_spitzer_50000, ZFP, 195.312, 30.898, 195.312, 0.003, 5.400, 6.321, 0.538, 0.666, 2.259, 60.674, 0, 0, 0, 0, 0
obs_spitzer_50000, ZFP, 195.312, 30.898, 195.312, 0.003, 5.500, 6.321, 0.538, 0.666, 2.259, 60.674, 0, 0, 0, 0, 0
obs_spitzer_50000, ZFP, 195.312, 30.898, 195.312, 0.003, 5.600, 6.321, 0.538, 0.666, 2.259, 60.674, 0, 0, 0, 0, 0
obs_spitzer_50000, ZFP, 195.312, 30.898, 195.312, 0.003, 5.700, 6.321, 0.538, 0.666, 2.259, 60.674, 0, 0, 0, 0, 0
obs_spitzer_50000, ZFP, 195.312, 30.898, 195.312, 0.003, 5.800, 6.321, 0.538, 0.666, 2.259, 60.674, 0, 0, 0, 0, 0
obs_spitzer_50000, ZFP, 195.312, 30.898, 195.312, 0.004, 5.900, 6.321, 0.538, 0.666, 2.259, 60.674, 0, 0, 0, 0, 0
obs_spitzer_50000, ZFP, 195.312, 30.898, 195.312, 0.003, 6.000, 6.321, 0.538, 0.666, 2.259, 60.674, 0, 0, 0, 0, 0
obs_spitzer_50000, ZFP, 195.312, 30.898, 195.312, 0.003, 6.100, 6.321, 0.538, 0.666, 2.259, 60.674, 0, 0, 0, 0, 0
obs_spitzer_50000, ZFP, 195.312, 30.898, 195.312, 0.003, 6.200, 6.321, 0.538, 0.666, 2.259, 60.674, 0, 0, 0, 0, 0
obs_spitzer_50000, ZFP, 195.312, 30.898, 195.312, 0.005, 6.300, 6.321, 0.538, 0.666, 2.259, 60.674, 0, 0, 0, 0, 0
obs_spitzer_50000, ZFP, 195.312, 30.898, 195.312, 0.003, 6.400, 6.321, 0.538, 0.666, 2.259, 60.674, 0, 0, 0, 0, 0
obs_spitzer_50000, ZFP, 195.312, 30.898, 195.312, 0.003, 6.500, 6.321, 0.538, 0.666, 2.259, 60.674, 0, 0, 0, 0, 0
obs_spitzer_50000, ZFP, 195.312, 30.898, 195.312, 0.003, 6.600, 6.321, 0.538, 0.666, 2.259, 60.674, 0, 0, 0, 0, 0
obs_spitzer_50000, ZFP, 195.312, 30.898, 195.312, 0.005, 6.700, 6.321, 0.538, 0.666, 2.259, 60.674, 0, 0, 0, 0, 0
obs_spitzer_50000, ZFP, 195.312, 30.898, 195.312, 0.005, 6.800, 6.321, 0.538, 0.666, 2.259, 60.674, 0, 0, 0, 0, 0
obs_spitzer_50000, ZFP, 195.312, 30.898, 195.312, 0.005, 6.900, 6.321, 0.538, 0.666, 2.259, 60.674, 0, 0, 0, 0, 0
obs_spitzer_50000, ZFP, 195.312, 30.898, 195.312, 0.005, 7.000, 6.321, 0.538, 0.666, 2.259, 60.674, 0, 0, 0, 0, 0
obs_spitzer_50000, ZFP, 195.312, 30.898, 195.312, 0.003, 7.100, 6.321, 0.538, 0.666, 2.259, 60.674, 0, 0, 0, 0, 0
obs_spitzer_50000, ZFP, 195.312, 30.898, 195.312, 0.003, 7.200, 6.321, 0.538, 0.666, 2.259, 60.674, 0, 0, 0, 0, 0
obs_spitzer_50000, ZFP, 195.312, 30.898, 195.312, 0.003, 7.300, 6.321, 0.538, 0.666, 2.259, 60.674, 0, 0, 0, 0, 0
obs_spitzer_50000, ZFP, 195.312, 30.898, 195.312, 0.003, 7.400, 6.321, 0.538, 0.666, 2.259, 60.674, 0, 0, 0, 0, 0
obs_spitzer_50000, ZFP, 195.312, 30.898, 195.312, 0.003, 7.500, 6.321, 0.538, 0.666, 2.259, 60.674, 0, 0, 0, 0, 0
obs_spitzer_50000, ZFP, 195.312, 30.898, 195.312, 0.004, 7.600, 6.321, 0.538, 0.666, 2.259, 60.674, 0, 0, 0, 0, 0
obs_spitzer_50000, ZFP, 195.312, 30.898, 195.312, 0.003, 7.700, 6.321, 0.538, 0.666, 2.259, 60.674, 0, 0, 0, 0, 0
obs_spitzer_50000, ZFP, 195.312, 30.898, 195.312, 0.003, 7.800, 6.321, 0.538, 0.666, 2.259, 60.674, 0, 0, 0, 0, 0
obs_spitzer_50000, ZFP, 195.312, 30.898, 195.312, 0.003, 7.900, 6.321, 0.538, 0.666, 2.259, 60.674, 0, 0, 0, 0, 0
obs_spitzer_50000, ZFP, 195.312, 24.750, 195.312, 0.003, 8.000, 7.891, 1.072, 1.374, 5.942, 54.392, 0, 0, 0, 0, 0
obs_spitzer_50000, ZFP, 195.312, 24.750, 195.312, 0.003, 8.100, 7.891, 1.072, 1.374, 5.942, 54.392, 0, 0, 0, 0, 0
obs_spitzer_50000, ZFP, 195.312, 24.750, 195.312, 0.003, 8.200, 7.891, 1.072, 1.374, 5.942, 54.392, 0, 0, 0, 0, 0
obs_spitzer_50000, ZFP, 195.312, 24.750, 195.312, 0.003, 8.300, 7.891, 1.072, 1.374, 5.942, 54.392, 0, 0, 0, 0, 0
obs_spitzer_50000, ZFP, 195.312, 24.750, 195.312, 0.003, 8.400, 7.891, 1.072, 1.374, 5.942, 54.392, 0, 0, 0, 0, 0
obs_spitzer_50000, ZFP, 195.312, 24.750, 195.312, 0.003, 8.500, 7.891, 1.072, 1.374, 5.942, 54.392, 0, 0, 0, 0, 0
obs_spitzer_50000, ZFP, 195.312, 24.750, 195.312, 0.004, 8.600, 7.891, 1.072, 1.374, 5.942, 54.392, 0, 0, 0, 0, 0
obs_spitzer_50000, ZFP, 195.312, 24.750, 195.312, 0.004, 8.700, 7.891, 1.072, 1.374, 5.942, 54.392, 0, 0, 0, 0, 0
obs_spitzer_50000, ZFP, 195.312, 24.750, 195.312, 0.004, 8.800, 7.891, 1.072, 1.374, 5.942, 54.392, 0, 0, 0, 0, 0
obs_spitzer_50000, ZFP, 195.312, 24.750, 195.312, 0.003, 8.900, 7.891, 1.072, 1.374, 5.942, 54.392, 0, 0, 0, 0, 0
obs_spitzer_50000, ZFP, 195.312, 24.750, 195.312, 0.003, 9.000, 7.891, 1.072, 1.374, 5.942, 54.392, 0, 0, 0, 0, 0
obs_spitzer_50000, ZFP, 195.312, 24.750, 195.312, 0.003, 9.100, 7.891, 1.072, 1.374, 5.942, 54.392, 0, 0, 0, 0, 0
obs_spitzer_50000, ZFP, 195.312, 24.750, 195.312, 0.003, 9.200, 7.891, 1.072, 1.374, 5.942, 54.392, 0, 0, 0, 0, 0
obs_spitzer_50000, ZFP, 195.312, 24.750, 195.312, 0.003, 9.300, 7.891, 1.072, 1.374, 5.942, 54.392, 0, 0, 0, 0, 0
obs_spitzer_50000, ZFP, 195.312, 24.750, 195.312, 0.003, 9.400, 7.891, 1.072, 1.374, 5.942, 54.392, 0, 0, 0, 0, 0
obs_spitzer_50000, ZFP, 195.312, 24.750, 195.312, 0.003, 9.500, 7.891, 1.072, 1.374, 5.942, 54.392, 0, 0, 0, 0, 0
obs_spitzer_50000, ZFP, 195.312, 24.750, 195.312, 0.003, 9.600, 7.891, 1.072, 1.374, 5.942, 54.392, 0, 0, 0, 0, 0
obs_spitzer_50000, ZFP, 195.312, 24.750, 195.312, 0.003, 9.700, 7.891, 1.072, 1.374, 5.942, 54.392, 0, 0, 0, 0, 0
obs_spitzer_50000, ZFP, 195.312, 24.750, 195.312, 0.003, 9.800, 7.891, 1.072, 1.374, 5.942, 54.392, 0, 0, 0, 0, 0
obs_spitzer_50000, ZFP, 195.312, 24.750, 195.312, 0.003, 9.900, 7.891, 1.072, 1.374, 5.942, 54.392, 0, 0, 0, 0, 0
obs_spitzer_50000, ZFP, 195.312, 24.750, 195.312, 0.004, 10.000, 7.891, 1.072, 1.374, 5.942, 54.392, 0, 0, 0, 0, 0
