fname, cmd, #blocks, #generations, blocksize, raw.kb, zip.kb, dec.kb, elapsed.s, eps, CR, MaxAbsErr, MAE, RMSE, PSNR.dB, L_inf, valid.samples, raw.nan, raw.inf, dec.nan, dec.inf
obs_spitzer_50k, exprgen.200.4.250, 200, 4, 250, 195.3125, 13.0332031, 195.3125, 42.116111, 1, 14.9857635, 351.733826, 42.8426126, 93.1610016, 17.764809, 351.733826, 48536, 0, 0, 471, 993
obs_spitzer_50k, exprgen.200.4.250, 200, 4, 250, 195.3125, 8.86230469, 195.3125, 35.3080101, 1.29154967, 22.0385675, 575.081863, 52.329671, 106.257341, 16.6223131, 575.081863, 50000, 0, 0, 0, 0
obs_spitzer_50k, exprgen.200.4.250, 200, 4, 250, 195.3125, 9.17285156, 195.3125, 34.5480771, 1.66810054, 21.2924518, 599.257217, 47.556705, 97.0028211, 17.4138047, 599.257217, 49986, 0, 0, 14, 0
obs_spitzer_50k, exprgen.200.4.250, 200, 4, 250, 195.3125, 8.97265625, 195.3125, 1078.6114, 2.15443469, 21.7675229, 574.484856, 50.0832583, 100.540884, 17.1026381, 574.484856, 49971, 0, 0, 29, 0
obs_spitzer_50k, exprgen.200.4.250, 200, 4, 250, 195.3125, 9.00878906, 195.3125, 35.2136881, 2.7825594, 21.6802168, 568.700264, 49.3547342, 99.3316084, 17.2077427, 568.700264, 50000, 0, 0, 0, 0
obs_spitzer_50k, exprgen.200.4.250, 200, 4, 250, 195.3125, 9.64550781, 195.3125, 33.344738, 3.59381366, 20.2490635, 599.301842, 49.5679682, 101.528563, 17.0177272, 599.301842, 50000, 0, 0, 0, 0
obs_spitzer_50k, exprgen.200.4.250, 200, 4, 250, 195.3125, 8.45019531, 195.3125, 33.4362581, 4.64158883, 23.1133711, 578.941437, 49.8513615, 99.8053032, 17.1664196, 578.941437, 49985, 0, 0, 15, 0
obs_spitzer_50k, exprgen.200.4.250, 200, 4, 250, 195.3125, 7.01367188, 195.3125, 33.8482428, 5.9948425, 27.8473963, 569.036438, 50.3080613, 102.990516, 16.8935474, 569.036438, 49986, 0, 0, 14, 0
obs_spitzer_50k, exprgen.200.4.250, 200, 4, 250, 195.3125, 6.078125, 195.3125, 33.06833, 7.74263683, 32.1336761, 576.241325, 50.08819, 102.263466, 16.9550818, 576.241325, 49971, 0, 0, 29, 0
obs_spitzer_50k, exprgen.200.4.250, 200, 4, 250, 195.3125, 5.34667969, 195.3125, 33.5707409, 10, 36.5296804, 600.525574, 50.1271933, 102.612526, 16.9254844, 600.525574, 50000, 0, 0, 0, 0
obs_spitzer_50k, exprgen.200.10.250, 200, 10, 250, 195.3125, 27.03125, 195.3125, 254.286096, 1, 7.22543353, 677.96587, 33.7161759, 78.3993804, 19.2632394, 677.96587, 45545, 0, 0, 3582, 873
obs_spitzer_50k, exprgen.200.10.250, 200, 10, 250, 195.3125, 14.4316406, 195.3125, 170.273517, 1.29154967, 13.5336311, 530.971359, 72.6760106, 136.065453, 14.4745346, 530.971359, 48337, 0, 0, 1663, 0
obs_spitzer_50k, exprgen.200.10.250, 200, 10, 250, 195.3125, 14.3320312, 195.3125, 169.16811, 1.66810054, 13.6276915, 491.43689, 75.4019088, 142.522198, 14.0718418, 491.43689, 49285, 0, 0, 715, 0
obs_spitzer_50k, exprgen.200.10.250, 200, 10, 250, 195.3125, 14.6884766, 195.3125, 1419.91673, 2.15443469, 13.2969882, 577.025627, 67.9738061, 127.920413, 15.010695, 577.025627, 47928, 0, 0, 2072, 0
obs_spitzer_50k, exprgen.200.10.250, 200, 10, 250, 195.3125, 14.1044922, 195.3125, 158.981367, 2.7825594, 13.8475386, 499.082352, 70.7030252, 134.829484, 14.5537945, 499.082352, 49048, 0, 0, 952, 0
obs_spitzer_50k, exprgen.200.10.250, 200, 10, 250, 195.3125, 14.7041016, 195.3125, 161.953869, 3.59381366, 13.2828585, 472.131185, 71.6908641, 136.448026, 14.4501469, 472.131185, 48206, 0, 0, 1794, 0
obs_spitzer_50k, exprgen.200.10.250, 200, 10, 250, 195.3125, 13.5917969, 195.3125, 163.457626, 4.64158883, 14.3698807, 484.1483, 69.351037, 131.797232, 14.7513662, 484.1483, 48457, 0, 0, 1543, 0
obs_spitzer_50k, exprgen.200.10.250, 200, 10, 250, 195.3125, 10.4208984, 195.3125, 171.113369, 5.9948425, 18.7423859, 508.342346, 70.8097056, 134.127021, 14.5991664, 508.342346, 49387, 0, 0, 613, 0
obs_spitzer_50k, exprgen.200.10.250, 200, 10, 250, 195.3125, 8.95898438, 195.3125, 165.918242, 7.74263683, 21.8007412, 483.703827, 68.0713975, 130.738806, 14.8214017, 483.703827, 50000, 0, 0, 0, 0
obs_spitzer_50k, exprgen.200.10.250, 200, 10, 250, 195.3125, 7.42675781, 195.3125, 167.233951, 10, 26.2984878, 503.132187, 70.0075938, 134.824992, 14.5540839, 503.132187, 49972, 0, 0, 28, 0
obs_spitzer_50k, exprgen.200.12.250, 200, 12, 250, 195.3125, 33.7988281, 195.3125, 433.079067, 1, 5.77867668, 519.16695, 32.8114212, 76.7963628, 19.442679, 519.16695, 42798, 0, 0, 6641, 561
obs_spitzer_50k, exprgen.200.12.250, 200, 12, 250, 195.3125, 16.3544922, 195.3125, 249.504233, 1.29154967, 11.9424375, 480.278458, 76.4970411, 142.428045, 14.0775818, 480.278458, 48946, 0, 0, 1054, 0
obs_spitzer_50k, exprgen.200.12.250, 200, 12, 250, 195.3125, 14.6943359, 195.3125, 250.74961, 1.66810054, 13.2916861, 454.202002, 74.8079463, 138.840467, 14.2991707, 454.202002, 47492, 0, 0, 2508, 0
obs_spitzer_50k, exprgen.200.12.250, 200, 12, 250, 195.3125, 16.2626953, 195.3125, 250.973682, 2.15443469, 12.0098481, 417.993713, 73.5889895, 137.240964, 14.3998168, 417.993713, 48879, 0, 0, 1121, 0
obs_spitzer_50k, exprgen.200.12.250, 200, 12, 250, 195.3125, 16.8105469, 195.3125, 234.393922, 2.7825594, 11.6184501, 487.739746, 72.5470066, 136.839992, 14.4252312, 487.739746, 48202, 0, 0, 1798, 0
obs_spitzer_50k, exprgen.200.12.250, 200, 12, 250, 195.3125, 15.3164062, 195.3125, 244.891384, 3.59381366, 12.751849, 458.924393, 76.6877829, 141.840348, 14.1134962, 458.924393, 47710, 0, 0, 2290, 0
obs_spitzer_50k, exprgen.200.12.250, 200, 12, 250, 195.3125, 13.6328125, 195.3125, 239.512711, 4.64158883, 14.3266476, 432.069885, 75.1100982, 140.533457, 14.1938974, 432.069885, 48298, 0, 0, 1702, 0
obs_spitzer_50k, exprgen.200.12.250, 200, 12, 250, 195.3125, 11.3291016, 195.3125, 246.766278, 5.9948425, 17.2398931, 426.707811, 70.8314125, 135.169505, 14.5319175, 426.707811, 49163, 0, 0, 837, 0
obs_spitzer_50k, exprgen.200.12.250, 200, 12, 250, 195.3125, 8.88574219, 195.3125, 244.112225, 7.74263683, 21.9804374, 415.541133, 72.2137334, 137.008494, 14.4145422, 415.541133, 49526, 0, 0, 474, 0
obs_spitzer_50k, exprgen.200.12.250, 200, 12, 250, 195.3125, 7.3125, 195.3125, 240.200974, 10, 26.7094017, 509.848618, 74.0700539, 139.149614, 14.2798519, 509.848618, 49914, 0, 0, 86, 0
obs_spitzer_50k, exprgen.100.4.500, 100, 4, 500, 195.3125, 5.99023438, 195.3125, 42.523016, 1, 32.6051516, 448.56189, 96.8622043, 151.720436, 13.5286104, 448.56189, 48500, 0, 0, 501, 999
obs_spitzer_50k, exprgen.100.4.500, 100, 4, 500, 195.3125, 4.953125, 195.3125, 35.0069931, 1.29154967, 39.4321767, 564.684418, 103.349148, 157.780162, 13.1884441, 564.684418, 49471, 0, 0, 529, 0
obs_spitzer_50k, exprgen.100.4.500, 100, 4, 500, 195.3125, 4.84570312, 195.3125, 36.4360838, 1.66810054, 40.3063281, 546.109306, 96.930768, 150.72957, 13.5855228, 546.109306, 49469, 0, 0, 531, 0
obs_spitzer_50k, exprgen.100.4.500, 100, 4, 500, 195.3125, 4.86621094, 195.3125, 37.3360927, 2.15443469, 40.136464, 577.216621, 96.8839906, 148.62866, 13.7074408, 577.216621, 49470, 0, 0, 530, 0
obs_spitzer_50k, exprgen.100.4.500, 100, 4, 500, 195.3125, 4.45605469, 195.3125, 35.057878, 2.7825594, 43.8308131, 592.711174, 102.407411, 159.435138, 13.0978111, 592.711174, 49205, 0, 0, 795, 0
obs_spitzer_50k, exprgen.100.4.500, 100, 4, 500, 195.3125, 4.20019531, 195.3125, 34.862165, 3.59381366, 46.5008138, 582.243996, 99.6989467, 154.008431, 13.3986021, 582.243996, 48787, 0, 0, 1213, 0
obs_spitzer_50k, exprgen.100.4.500, 100, 4, 500, 195.3125, 4.01660156, 195.3125, 34.2487948, 4.64158883, 48.6263068, 577.216621, 91.2155307, 140.282077, 14.2094483, 577.216621, 48983, 0, 0, 1017, 0
obs_spitzer_50k, exprgen.100.4.500, 100, 4, 500, 195.3125, 4.32324219, 195.3125, 33.9612789, 5.9948425, 45.177321, 564.684418, 95.948894, 148.121842, 13.7371099, 564.684418, 49017, 0, 0, 983, 0
obs_spitzer_50k, exprgen.100.4.500, 100, 4, 500, 195.3125, 3.54589844, 195.3125, 33.6538701, 7.74263683, 55.0812448, 587.438904, 92.1418986, 143.543731, 14.0098074, 587.438904, 49470, 0, 0, 530, 0
obs_spitzer_50k, exprgen.100.4.500, 100, 4, 500, 195.3125, 3.37402344, 195.3125, 34.814528, 10, 57.8871201, 588.647469, 93.1749238, 145.494701, 13.8925485, 588.647469, 48940, 0, 0, 1060, 0
obs_spitzer_50k, exprgen.100.10.500, 100, 10, 500, 195.3125, 11.6650391, 195.3125, 229.319148, 1, 16.7434073, 419.758881, 89.5820482, 142.817018, 14.0538928, 419.758881, 40184, 0, 0, 5884, 3932
obs_spitzer_50k, exprgen.100.10.500, 100, 10, 500, 195.3125, 7.51855469, 195.3125, 186.350552, 1.29154967, 25.9773997, 483.050537, 136.57685, 190.91515, 11.5326841, 483.050537, 45921, 0, 0, 4079, 0
obs_spitzer_50k, exprgen.100.10.500, 100, 10, 500, 195.3125, 8.4375, 195.3125, 192.254713, 1.66810054, 23.1481481, 472.65715, 135.462293, 190.77902, 11.5388798, 472.65715, 48473, 0, 0, 1527, 0
obs_spitzer_50k, exprgen.100.10.500, 100, 10, 500, 195.3125, 7.18164062, 195.3125, 177.108513, 2.15443469, 27.1960838, 449.248372, 131.230127, 185.581325, 11.7788066, 449.248372, 47155, 0, 0, 2845, 0
obs_spitzer_50k, exprgen.100.10.500, 100, 10, 500, 195.3125, 7.62890625, 195.3125, 171.440004, 2.7825594, 25.6016385, 453.234704, 140.24755, 195.720548, 11.3167636, 453.234704, 47592, 0, 0, 2408, 0
obs_spitzer_50k, exprgen.100.10.500, 100, 10, 500, 195.3125, 7.10058594, 195.3125, 173.106271, 3.59381366, 27.5065328, 521.352707, 133.14419, 189.33308, 11.604962, 521.352707, 47846, 0, 0, 2154, 0
obs_spitzer_50k, exprgen.100.10.500, 100, 10, 500, 195.3125, 7.1484375, 195.3125, 172.00633, 4.64158883, 27.3224044, 497.493561, 135.023404, 190.612898, 11.5464463, 497.493561, 47793, 0, 0, 2207, 0
obs_spitzer_50k, exprgen.100.10.500, 100, 10, 500, 195.3125, 5.93066406, 195.3125, 174.697501, 5.9948425, 32.9326527, 492.707302, 130.55003, 185.884679, 11.7646201, 492.707302, 47631, 0, 0, 2369, 0
obs_spitzer_50k, exprgen.100.10.500, 100, 10, 500, 195.3125, 6.17871094, 195.3125, 172.843692, 7.74263683, 31.6105579, 481.280945, 121.856029, 176.751483, 12.2022307, 481.280945, 49471, 0, 0, 529, 0
obs_spitzer_50k, exprgen.100.10.500, 100, 10, 500, 195.3125, 5.82519531, 195.3125, 172.079867, 10, 33.5289187, 517.68544, 123.625936, 179.664015, 12.06027, 517.68544, 49734, 0, 0, 266, 0
obs_spitzer_50k, exprgen.100.12.500, 100, 12, 500, 195.3125, 13.9882812, 195.3125, 363.857886, 1, 13.9625803, 1618.71725, 71.7226631, 119.502515, 15.6019511, 1618.71725, 43156, 0, 0, 5306, 1538
obs_spitzer_50k, exprgen.100.12.500, 100, 12, 500, 195.3125, 8.43261719, 195.3125, 255.905835, 1.29154967, 23.1615518, 444.674866, 137.851998, 193.457268, 11.417791, 444.674866, 48028, 0, 0, 1972, 0
obs_spitzer_50k, exprgen.100.12.500, 100, 12, 500, 195.3125, 8.19042969, 195.3125, 256.789656, 1.66810054, 23.846429, 456.194336, 136.908028, 191.645015, 11.4995415, 456.194336, 47167, 0, 0, 2833, 0
obs_spitzer_50k, exprgen.100.12.500, 100, 12, 500, 195.3125, 7.84570312, 195.3125, 239.302927, 2.15443469, 24.8941997, 456.1483, 136.129869, 192.760575, 11.4491277, 456.1483, 47710, 0, 0, 2290, 0
obs_spitzer_50k, exprgen.100.12.500, 100, 12, 500, 195.3125, 6.80664062, 195.3125, 246.777055, 2.7825594, 28.6944046, 459.746332, 137.417007, 193.574294, 11.4125383, 459.746332, 47693, 0, 0, 2307, 0
obs_spitzer_50k, exprgen.100.12.500, 100, 12, 500, 195.3125, 8.68261719, 195.3125, 256.42402, 3.59381366, 22.4946575, 435.262619, 138.832025, 195.312929, 11.3348721, 435.262619, 48214, 0, 0, 1786, 0
obs_spitzer_50k, exprgen.100.12.500, 100, 12, 500, 195.3125, 8.0625, 195.3125, 228.484947, 4.64158883, 24.2248062, 493.5186, 134.027514, 187.478364, 11.6904689, 493.5186, 47375, 0, 0, 2625, 0
obs_spitzer_50k, exprgen.100.12.500, 100, 12, 500, 195.3125, 7.40527344, 195.3125, 258.023848, 5.9948425, 26.3747857, 427.391866, 134.502605, 191.588537, 11.5021016, 427.391866, 48317, 0, 0, 1683, 0
obs_spitzer_50k, exprgen.100.12.500, 100, 12, 500, 195.3125, 6.03613281, 195.3125, 227.117186, 7.74263683, 32.3572238, 482.507095, 132.97887, 191.129671, 11.5229298, 482.507095, 48472, 0, 0, 1528, 0
obs_spitzer_50k, exprgen.100.12.500, 100, 12, 500, 195.3125, 5.28515625, 195.3125, 250.034459, 10, 36.954915, 454.552811, 128.834147, 185.797804, 11.7686805, 454.552811, 48807, 0, 0, 1193, 0
obs_spitzer_50k, exprgen.50.4.1000, 50, 4, 1000, 195.3125, 3.27246094, 195.3125, 44.130321, 1, 59.6836765, 353.722198, 199.623785, 224.674883, 10.1184015, 353.722198, 49234, 0, 0, 766, 0
obs_spitzer_50k, exprgen.50.4.1000, 50, 4, 1000, 195.3125, 2.78417969, 195.3125, 36.488945, 1.29154967, 70.1508243, 556.277779, 196.222718, 221.00676, 10.2613809, 556.277779, 48470, 0, 0, 1530, 0
obs_spitzer_50k, exprgen.50.4.1000, 50, 4, 1000, 195.3125, 2.86035156, 195.3125, 36.7066219, 1.66810054, 68.2826903, 603.224953, 170.30603, 193.020467, 11.4374248, 603.224953, 48296, 0, 0, 1704, 0
obs_spitzer_50k, exprgen.50.4.1000, 50, 4, 1000, 195.3125, 2.93554688, 195.3125, 36.0443661, 2.15443469, 66.5335995, 568.089241, 187.737227, 217.130643, 10.4150696, 568.089241, 46941, 0, 0, 3059, 0
obs_spitzer_50k, exprgen.50.4.1000, 50, 4, 1000, 195.3125, 2.9140625, 195.3125, 35.8509912, 2.7825594, 67.0241287, 558.250488, 196.429125, 223.660223, 10.1577169, 558.250488, 49235, 0, 0, 765, 0
obs_spitzer_50k, exprgen.50.4.1000, 50, 4, 1000, 195.3125, 2.68261719, 195.3125, 35.5608871, 3.59381366, 72.8066982, 552.526604, 187.332749, 215.370479, 10.4857685, 552.526604, 50000, 0, 0, 0, 0
obs_spitzer_50k, exprgen.50.4.1000, 50, 4, 1000, 195.3125, 2.95507812, 195.3125, 35.0765321, 4.64158883, 66.0938533, 557.374313, 179.060125, 204.755974, 10.9247604, 557.374313, 50000, 0, 0, 0, 0
obs_spitzer_50k, exprgen.50.4.1000, 50, 4, 1000, 195.3125, 2.64160156, 195.3125, 35.2115242, 5.9948425, 73.9371534, 562.276054, 178.050633, 199.50618, 11.1503649, 562.276054, 48470, 0, 0, 1530, 0
obs_spitzer_50k, exprgen.50.4.1000, 50, 4, 1000, 195.3125, 2.88769531, 195.3125, 37.7785459, 7.74263683, 67.6361177, 560.461365, 183.542376, 212.510855, 10.6018696, 560.461365, 46723, 0, 0, 3277, 0
obs_spitzer_50k, exprgen.50.4.1000, 50, 4, 1000, 195.3125, 2.73242188, 195.3125, 34.5920651, 10, 71.4796283, 568.543449, 184.485074, 208.618073, 10.7624534, 568.543449, 49235, 0, 0, 765, 0
obs_spitzer_50k, exprgen.50.10.1000, 50, 10, 1000, 195.3125, 5.95800781, 195.3125, 215.789499, 1, 32.7815112, 653.871519, 141.883768, 173.028202, 12.3871541, 653.871519, 34002, 0, 0, 5620, 10378
obs_spitzer_50k, exprgen.50.10.1000, 50, 10, 1000, 195.3125, 5.48828125, 195.3125, 231.079796, 1.29154967, 35.5871886, 430.427551, 272.858077, 281.293297, 8.16630433, 430.427551, 49235, 0, 0, 765, 0
obs_spitzer_50k, exprgen.50.10.1000, 50, 10, 1000, 195.3125, 5.04296875, 195.3125, 198.568614, 1.66810054, 38.7296669, 515.83429, 261.711154, 274.694767, 8.3724843, 515.83429, 49001, 0, 0, 999, 0
obs_spitzer_50k, exprgen.50.10.1000, 50, 10, 1000, 195.3125, 5.12011719, 195.3125, 196.18456, 2.15443469, 38.1460996, 501.927368, 251.411786, 266.346819, 8.64054172, 501.927368, 49235, 0, 0, 765, 0
obs_spitzer_50k, exprgen.50.10.1000, 50, 10, 1000, 195.3125, 5.42675781, 195.3125, 196.254885, 2.7825594, 35.9906424, 473.797745, 254.209911, 266.426111, 8.63795631, 473.797745, 49084, 0, 0, 916, 0
obs_spitzer_50k, exprgen.50.10.1000, 50, 10, 1000, 195.3125, 4.26269531, 195.3125, 180.812246, 3.59381366, 45.8190149, 507.299088, 257.707863, 273.242134, 8.41853864, 507.299088, 48269, 0, 0, 1731, 0
obs_spitzer_50k, exprgen.50.10.1000, 50, 10, 1000, 195.3125, 4.32714844, 195.3125, 208.425032, 4.64158883, 45.136538, 465.308105, 256.151171, 269.277413, 8.54549348, 465.308105, 49067, 0, 0, 933, 0
obs_spitzer_50k, exprgen.50.10.1000, 50, 10, 1000, 195.3125, 4.89648438, 195.3125, 206.888987, 5.9948425, 39.8883127, 520.389954, 255.059435, 269.560611, 8.53636337, 520.389954, 50000, 0, 0, 0, 0
obs_spitzer_50k, exprgen.50.10.1000, 50, 10, 1000, 195.3125, 4.58203125, 195.3125, 189.448523, 7.74263683, 42.625746, 458.872391, 255.62058, 268.876338, 8.55844031, 458.872391, 49235, 0, 0, 765, 0
obs_spitzer_50k, exprgen.50.10.1000, 50, 10, 1000, 195.3125, 5.09179688, 195.3125, 201.982912, 10, 38.3582662, 494.718399, 261.269946, 272.176273, 8.45248674, 494.718399, 50000, 0, 0, 0, 0
obs_spitzer_50k, exprgen.50.12.1000, 50, 12, 1000, 195.3125, 7.44042969, 195.3125, 357.961332, 1, 26.2501641, 675.72467, 133.833557, 168.776019, 12.6032772, 675.72467, 36534, 0, 0, 6898, 6568
obs_spitzer_50k, exprgen.50.12.1000, 50, 12, 1000, 195.3125, 4.48144531, 195.3125, 288.207954, 1.29154967, 43.5824798, 432.286539, 258.168322, 274.971704, 8.36373192, 432.286539, 45210, 0, 0, 4790, 0
obs_spitzer_50k, exprgen.50.12.1000, 50, 12, 1000, 195.3125, 4.24316406, 195.3125, 305.89541, 1.66810054, 46.0299194, 466.544678, 260.242923, 273.166541, 8.42094194, 466.544678, 50000, 0, 0, 0, 0
obs_spitzer_50k, exprgen.50.12.1000, 50, 12, 1000, 195.3125, 4.29003906, 195.3125, 279.675884, 2.15443469, 45.5269747, 460.835578, 272.916819, 284.920664, 8.05501304, 460.835578, 50000, 0, 0, 0, 0
obs_spitzer_50k, exprgen.50.12.1000, 50, 12, 1000, 195.3125, 5.35546875, 195.3125, 327.896412, 2.7825594, 36.4697301, 432.237732, 265.012329, 278.722415, 8.24605409, 432.237732, 48027, 0, 0, 1973, 0
obs_spitzer_50k, exprgen.50.12.1000, 50, 12, 1000, 195.3125, 4.66992188, 195.3125, 273.903392, 3.59381366, 41.8235048, 448.935425, 270.534, 280.364451, 8.19503307, 448.935425, 49001, 0, 0, 999, 0
obs_spitzer_50k, exprgen.50.12.1000, 50, 12, 1000, 195.3125, 5.03808594, 195.3125, 278.888806, 4.64158883, 38.7672029, 467.955368, 274.416489, 285.795305, 8.0283902, 467.955368, 50000, 0, 0, 0, 0
obs_spitzer_50k, exprgen.50.12.1000, 50, 12, 1000, 195.3125, 5.40527344, 195.3125, 330.11447, 5.9948425, 36.1336947, 444.186035, 278.759542, 287.729949, 7.96979064, 444.186035, 50000, 0, 0, 0, 0
obs_spitzer_50k, exprgen.50.12.1000, 50, 12, 1000, 195.3125, 4.77734375, 195.3125, 286.52118, 7.74263683, 40.8830744, 465.603455, 268.51616, 279.814296, 8.21209402, 465.603455, 50000, 0, 0, 0, 0
obs_spitzer_50k, exprgen.50.12.1000, 50, 12, 1000, 195.3125, 4.87207031, 195.3125, 305.877996, 10, 40.088194, 422.473602, 279.752125, 290.14605, 7.89715875, 422.473602, 50000, 0, 0, 0, 0
obs_spitzer_50k, exprgen.25.4.2000, 25, 4, 2000, 195.3125, 1.17578125, 195.3125, 41.7287083, 1, 166.112957, 358.365021, 257.846859, 277.178841, 8.29429053, 358.365021, 40001, 0, 0, 1006, 8993
obs_spitzer_50k, exprgen.25.4.2000, 25, 4, 2000, 195.3125, 1.42578125, 195.3125, 35.83569, 1.29154967, 136.986301, 562.276054, 175.391826, 186.772791, 11.7232198, 562.276054, 50000, 0, 0, 0, 0
obs_spitzer_50k, exprgen.25.4.2000, 25, 4, 2000, 195.3125, 1.43359375, 195.3125, 36.0500731, 1.66810054, 136.239782, 553.983925, 188.499023, 210.112359, 10.70046, 553.983925, 50000, 0, 0, 0, 0
obs_spitzer_50k, exprgen.25.4.2000, 25, 4, 2000, 195.3125, 1.86621094, 195.3125, 37.5505419, 2.15443469, 104.657248, 544.316559, 208.65146, 233.016161, 9.80177115, 544.316559, 48235, 0, 0, 1765, 0
obs_spitzer_50k, exprgen.25.4.2000, 25, 4, 2000, 195.3125, 1.734375, 195.3125, 36.4091411, 2.7825594, 112.612613, 556.703476, 189.680363, 210.686157, 10.676772, 556.703476, 48235, 0, 0, 1765, 0
obs_spitzer_50k, exprgen.25.4.2000, 25, 4, 2000, 195.3125, 1.65136719, 195.3125, 35.6845939, 3.59381366, 118.273211, 557.25209, 167.787807, 180.106039, 12.0389265, 557.25209, 48235, 0, 0, 1765, 0
obs_spitzer_50k, exprgen.25.4.2000, 25, 4, 2000, 195.3125, 1.36621094, 195.3125, 35.0857339, 4.64158883, 142.959257, 577.216621, 173.469411, 192.870217, 11.4441886, 577.216621, 50000, 0, 0, 0, 0
obs_spitzer_50k, exprgen.25.4.2000, 25, 4, 2000, 195.3125, 1.52636719, 195.3125, 36.7073793, 5.9948425, 127.959053, 577.216621, 173.83931, 192.121665, 11.4779652, 577.216621, 50000, 0, 0, 0, 0
obs_spitzer_50k, exprgen.25.4.2000, 25, 4, 2000, 195.3125, 1.33984375, 195.3125, 36.5780971, 7.74263683, 145.772595, 558.429428, 192.120363, 210.595685, 10.6805027, 558.429428, 50000, 0, 0, 0, 0
obs_spitzer_50k, exprgen.25.4.2000, 25, 4, 2000, 195.3125, 1.52636719, 195.3125, 33.6609972, 10, 127.959053, 547.551445, 191.069298, 206.499816, 10.8510986, 547.551445, 48235, 0, 0, 1765, 0
obs_spitzer_50k, exprgen.25.10.2000, 25, 10, 2000, 195.3125, 1.89160156, 195.3125, 168.453892, 1, 103.252452, 354.251587, 228.534405, 248.642888, 9.23797117, 354.251587, 36001, 0, 0, 5003, 8996
obs_spitzer_50k, exprgen.25.10.2000, 25, 10, 2000, 195.3125, 2.48046875, 195.3125, 191.851117, 1.29154967, 78.7401575, 469.839661, 272.450355, 284.790933, 8.05896883, 469.839661, 50000, 0, 0, 0, 0
obs_spitzer_50k, exprgen.25.10.2000, 25, 10, 2000, 195.3125, 2.90136719, 195.3125, 209.025068, 1.66810054, 67.3174015, 440.636475, 287.69234, 297.121027, 7.69082425, 440.636475, 48001, 0, 0, 1999, 0
obs_spitzer_50k, exprgen.25.10.2000, 25, 10, 2000, 195.3125, 2.72363281, 195.3125, 201.52543, 2.15443469, 71.7102904, 494.216293, 300.857349, 311.2992, 7.28593192, 494.216293, 48030, 0, 0, 1970, 0
obs_spitzer_50k, exprgen.25.10.2000, 25, 10, 2000, 195.3125, 2.70507812, 195.3125, 204.607639, 2.7825594, 72.2021661, 443.369095, 303.42883, 308.668701, 7.35964012, 443.369095, 50000, 0, 0, 0, 0
obs_spitzer_50k, exprgen.25.10.2000, 25, 10, 2000, 195.3125, 1.69042969, 195.3125, 210.680183, 3.59381366, 115.54015, 505.856461, 311.585738, 316.530719, 7.14117472, 505.856461, 50000, 0, 0, 0, 0
obs_spitzer_50k, exprgen.25.10.2000, 25, 10, 2000, 195.3125, 2.41699219, 195.3125, 192.722198, 4.64158883, 80.8080808, 474.730087, 278.035353, 291.818185, 7.84724497, 474.730087, 50000, 0, 0, 0, 0
obs_spitzer_50k, exprgen.25.10.2000, 25, 10, 2000, 195.3125, 2.83007812, 195.3125, 194.607918, 5.9948425, 69.0131125, 466.265837, 295.319361, 302.050682, 7.5478956, 466.265837, 50000, 0, 0, 0, 0
obs_spitzer_50k, exprgen.25.10.2000, 25, 10, 2000, 195.3125, 1.75390625, 195.3125, 190.237113, 7.74263683, 111.358575, 488.742888, 279.554576, 293.597556, 7.79444328, 488.742888, 50000, 0, 0, 0, 0
obs_spitzer_50k, exprgen.25.10.2000, 25, 10, 2000, 195.3125, 2.47851562, 195.3125, 195.474422, 10, 78.8022065, 524.120331, 279.380584, 291.085387, 7.86908395, 524.120331, 48203, 0, 0, 1797, 0
obs_spitzer_50k, exprgen.25.12.2000, 25, 12, 2000, 195.3125, 2.70703125, 195.3125, 239.730781, 1, 72.1500722, 483.752411, 260.942822, 277.120584, 8.2961163, 483.752411, 38071, 0, 0, 4933, 6996
obs_spitzer_50k, exprgen.25.12.2000, 25, 12, 2000, 195.3125, 2.4375, 195.3125, 350.954835, 1.29154967, 80.1282051, 413.872498, 307.855516, 312.881338, 7.24189882, 413.872498, 48235, 0, 0, 1765, 0
obs_spitzer_50k, exprgen.25.12.2000, 25, 12, 2000, 195.3125, 2.10839844, 195.3125, 311.271786, 1.66810054, 92.6354794, 429.647034, 297.54366, 305.223556, 7.45713105, 429.647034, 50000, 0, 0, 0, 0
obs_spitzer_50k, exprgen.25.12.2000, 25, 12, 2000, 195.3125, 3.04003906, 195.3125, 294.633323, 2.15443469, 64.2467074, 439.880875, 287.724783, 299.058743, 7.63436193, 439.880875, 46014, 0, 0, 3986, 0
obs_spitzer_50k, exprgen.25.12.2000, 25, 12, 2000, 195.3125, 2.18945312, 195.3125, 269.060911, 2.7825594, 89.206066, 418.614212, 302.047983, 311.084861, 7.29191448, 418.614212, 48235, 0, 0, 1765, 0
obs_spitzer_50k, exprgen.25.12.2000, 25, 12, 2000, 195.3125, 2.87011719, 195.3125, 293.075986, 3.59381366, 68.0503573, 447.419266, 304.836158, 311.454705, 7.2815941, 447.419266, 50000, 0, 0, 0, 0
obs_spitzer_50k, exprgen.25.12.2000, 25, 12, 2000, 195.3125, 3.2421875, 195.3125, 343.064906, 4.64158883, 60.2409639, 446.581696, 304.149026, 309.637765, 7.33241352, 446.581696, 50000, 0, 0, 0, 0
obs_spitzer_50k, exprgen.25.12.2000, 25, 12, 2000, 195.3125, 2.46484375, 195.3125, 303.806378, 5.9948425, 79.2393027, 426.199092, 287.924685, 297.892307, 7.66830626, 426.199092, 50000, 0, 0, 0, 0
obs_spitzer_50k, exprgen.25.12.2000, 25, 12, 2000, 195.3125, 2.58789062, 195.3125, 303.077882, 7.74263683, 75.4716981, 410.877472, 289.548142, 298.515755, 7.65014685, 410.877472, 48236, 0, 0, 1764, 0
obs_spitzer_50k, exprgen.25.12.2000, 25, 12, 2000, 195.3125, 2.93261719, 195.3125, 308.953268, 10, 66.6000666, 421.921509, 302.364901, 309.840921, 7.32671652, 421.921509, 48234, 0, 0, 1766, 0
obs_spitzer_50k, PFPL, , , , 195.3125, 25.3623047, 195.3125, 0.191708088, 1, 7.70089715, 0.99968338, 0.4710042, 0.555366431, 62.2578995, 0.99968338, 50000, 0, 0, 0, 0
obs_spitzer_50k, PFPL, , , , 195.3125, 21.7480469, 195.3125, 0.00550603867, 1.29154967, 8.98069151, 1.29151773, 0.643981157, 0.776938934, 59.3417543, 1.29151773, 50000, 0, 0, 0, 0
obs_spitzer_50k, PFPL, , , , 195.3125, 20.4433594, 195.3125, 0.00489497185, 1.66810054, 9.55383587, 1.66799486, 0.808172542, 0.945510482, 57.6361651, 1.66799486, 50000, 0, 0, 0, 0
obs_spitzer_50k, PFPL, , , , 195.3125, 17.7558594, 195.3125, 0.00528502464, 2.15443469, 10.99989, 2.15403724, 1.02976365, 1.20895943, 55.5012575, 2.15403724, 50000, 0, 0, 0, 0
obs_spitzer_50k, PFPL, , , , 195.3125, 14.375, 195.3125, 0.00541710854, 2.7825594, 13.5869565, 2.78032088, 1.25573836, 1.49449226, 53.6596186, 2.78032088, 50000, 0, 0, 0, 0
obs_spitzer_50k, PFPL, , , , 195.3125, 10.9746094, 195.3125, 0.00506210327, 3.59381366, 17.796761, 3.59324551, 1.43423194, 1.74980404, 52.2897037, 3.59324551, 50000, 0, 0, 0, 0
obs_spitzer_50k, PFPL, , , , 195.3125, 6.99023438, 195.3125, 0.00439429283, 4.64158883, 27.9407656, 4.63910675, 1.54430456, 1.934155, 51.4196665, 4.63910675, 50000, 0, 0, 0, 0
obs_spitzer_50k, PFPL, , , , 195.3125, 4.86621094, 195.3125, 0.00444793701, 5.9948425, 40.136464, 5.99428749, 1.61981158, 2.07724566, 50.7997348, 5.99428749, 50000, 0, 0, 0, 0
obs_spitzer_50k, PFPL, , , , 195.3125, 4.02148438, 195.3125, 0.00416207314, 7.74263683, 48.5672657, 7.72032261, 1.66667292, 2.18523062, 50.3595465, 7.72032261, 50000, 0, 0, 0, 0
obs_spitzer_50k, PFPL, , , , 195.3125, 3.52929688, 195.3125, 0.00428915024, 10, 55.3403431, 9.99188232, 1.7207925, 2.33373518, 49.7884606, 9.99188232, 50000, 0, 0, 0, 0
obs_spitzer_50k, SZ3, , , , 195.3125, 18.6171875, 195.3125, 0.00741481781, 1, 10.4909778, 0.999998152, 0.499226571, 0.57636554, 61.9355319, 0.999998152, 50000, 0, 0, 0, 0
obs_spitzer_50k, SZ3, , , , 195.3125, 16.7802734, 195.3125, 0.00566983223, 1.29154967, 11.639411, 1.29153061, 0.647166858, 0.747040742, 59.6826063, 1.29153061, 50000, 0, 0, 0, 0
obs_spitzer_50k, SZ3, , , , 195.3125, 14.140625, 195.3125, 0.00532412529, 1.66810054, 13.8121547, 1.66805053, 0.834134203, 0.962008593, 57.485913, 1.66805053, 50000, 0, 0, 0, 0
obs_spitzer_50k, SZ3, , , , 195.3125, 11.984375, 195.3125, 0.00476694107, 2.15443469, 16.2972621, 2.15437841, 1.07386924, 1.24047638, 55.277722, 2.15437841, 50000, 0, 0, 0, 0
obs_spitzer_50k, SZ3, , , , 195.3125, 9.96777344, 195.3125, 0.0043399334, 2.7825594, 19.594396, 2.7825377, 1.34724132, 1.56816868, 53.2416365, 2.7825377, 50000, 0, 0, 0, 0
obs_spitzer_50k, SZ3, , , , 195.3125, 7.89453125, 195.3125, 0.00436019897, 3.59381366, 24.7402276, 3.59374475, 1.57692331, 1.87788466, 51.6761137, 3.59374475, 50000, 0, 0, 0, 0
obs_spitzer_50k, SZ3, , , , 195.3125, 6.15625, 195.3125, 0.00396180153, 4.64158883, 31.7258883, 4.64141464, 1.82136456, 2.21416709, 50.2452842, 4.64141464, 50000, 0, 0, 0, 0
obs_spitzer_50k, SZ3, , , , 195.3125, 4.35742188, 195.3125, 0.00419211388, 5.9948425, 44.8229494, 5.99432516, 1.95314457, 2.4453237, 49.3827649, 5.99432516, 50000, 0, 0, 0, 0
obs_spitzer_50k, SZ3, , , , 195.3125, 3.02148438, 195.3125, 0.00412988663, 7.74263683, 64.6412411, 7.74255502, 2.08854288, 2.69410664, 48.5411964, 7.74255502, 50000, 0, 0, 0, 0
obs_spitzer_50k, SZ3, , , , 195.3125, 1.62597656, 195.3125, 0.00512909889, 10, 120.12012, 9.99188232, 1.7207925, 2.33373518, 49.7884606, 9.99188232, 50000, 0, 0, 0, 0
obs_spitzer_50k, ZFP, , , , 195.3125, 43.21875, 195.3125, 0.00674724579, 1, 4.51916124, 0.588897943, 0.137346293, 0.170044689, 72.5382306, 0.588897943, 50000, 0, 0, 0, 0
obs_spitzer_50k, ZFP, , , , 195.3125, 43.21875, 195.3125, 0.00513005257, 1.29154967, 4.51916124, 0.588897943, 0.137346293, 0.170044689, 72.5382306, 0.588897943, 50000, 0, 0, 0, 0
obs_spitzer_50k, ZFP, , , , 195.3125, 43.21875, 195.3125, 0.00433516502, 1.66810054, 4.51916124, 0.588897943, 0.137346293, 0.170044689, 72.5382306, 0.588897943, 50000, 0, 0, 0, 0
obs_spitzer_50k, ZFP, , , , 195.3125, 37.09375, 195.3125, 0.00401520729, 2.15443469, 5.26537489, 1.20690084, 0.271948672, 0.336943934, 66.5983392, 1.20690084, 50000, 0, 0, 0, 0
obs_spitzer_50k, ZFP, , , , 195.3125, 37.09375, 195.3125, 0.00374412537, 2.7825594, 5.26537489, 1.20690084, 0.271948672, 0.336943934, 66.5983392, 1.20690084, 50000, 0, 0, 0, 0
obs_spitzer_50k, ZFP, , , , 195.3125, 37.09375, 195.3125, 0.00369381905, 3.59381366, 5.26537489, 1.20690084, 0.271948672, 0.336943934, 66.5983392, 1.20690084, 50000, 0, 0, 0, 0
obs_spitzer_50k, ZFP, , , , 195.3125, 30.8984375, 195.3125, 0.00357294083, 4.64158883, 6.32111252, 2.25947357, 0.538126699, 0.666458605, 60.6740284, 2.25947357, 50000, 0, 0, 0, 0
obs_spitzer_50k, ZFP, , , , 195.3125, 30.8984375, 195.3125, 0.00398516655, 5.9948425, 6.32111252, 2.25947357, 0.538126699, 0.666458605, 60.6740284, 2.25947357, 50000, 0, 0, 0, 0
obs_spitzer_50k, ZFP, , , , 195.3125, 30.8984375, 195.3125, 0.00378704071, 7.74263683, 6.32111252, 2.25947357, 0.538126699, 0.666458605, 60.6740284, 2.25947357, 50000, 0, 0, 0, 0
obs_spitzer_50k, ZFP, , , , 195.3125, 24.75, 195.3125, 0.00349998474, 10, 7.89141414, 5.94188643, 1.07238965, 1.37357739, 54.3924293, 5.94188643, 50000, 0, 0, 0, 0
