fname, cmd, raw.kb, zip.kb, dec.kb, elapsed.s, eps, CR, MaxAbsErr, MAE, RMSE, PSNR.dB, L_inf, valid.samples, raw.nan, raw.inf, dec.nan, dec.inf
ps_data_50k, EXPRGEN.250.10, 195.3125, 24.0097656, 195.3125, 1226.74939, 0.01, 8.13471081, 0.46962148, 0.0462236431, 0.0591844246, 33.9320703, 0.46962148, 48689, 0, 0, 1311, 0
ps_data_50k, EXPRGEN.250.10, 195.3125, 20.9960938, 195.3125, 1161.7509, 0.011, 9.30232558, 0.189731359, 0.0434364267, 0.0558894833, 34.429617, 0.189731359, 49002, 0, 0, 998, 0
ps_data_50k, EXPRGEN.250.10, 195.3125, 22.03125, 195.3125, 242.198748, 0.012, 8.86524823, 0.250736117, 0.0403289363, 0.0510550101, 35.2154515, 0.250736117, 48504, 0, 0, 1496, 0
ps_data_50k, EXPRGEN.250.10, 195.3125, 20.4794922, 195.3125, 238.827755, 0.013, 9.53697964, 0.266482234, 0.0445347029, 0.0562265707, 34.3773869, 0.266482234, 48523, 0, 0, 1477, 0
ps_data_50k, EXPRGEN.250.10, 195.3125, 21.1787109, 195.3125, 256.217864, 0.014, 9.22211463, 0.276373625, 0.0435262296, 0.0564171704, 34.3479929, 0.276373625, 48263, 0, 0, 1737, 0
ps_data_50k, EXPRGEN.250.10, 195.3125, 21.7041016, 195.3125, 272.510088, 0.015, 8.99887514, 0.196497202, 0.04201069, 0.0538593681, 34.7509938, 0.196497202, 49000, 0, 0, 1000, 0
ps_data_50k, EXPRGEN.250.10, 195.3125, 22.7939453, 195.3125, 218.472754, 0.016, 8.56861317, 0.30409956, 0.0503615088, 0.0629312521, 33.3988914, 0.30409956, 49251, 0, 0, 749, 0
ps_data_50k, EXPRGEN.250.10, 195.3125, 21.5625, 195.3125, 209.180548, 0.017, 9.05797101, 0.250482976, 0.05257805, 0.0650900454, 33.1059274, 0.250482976, 48752, 0, 0, 1248, 0
ps_data_50k, EXPRGEN.250.10, 195.3125, 22.0400391, 195.3125, 217.698351, 0.018, 8.86171297, 0.313093841, 0.0519864197, 0.0661614985, 32.9641122, 0.313093841, 48750, 0, 0, 1001, 249
ps_data_50k, EXPRGEN.250.10, 195.3125, 23.3818359, 195.3125, 216.010705, 0.019, 8.35317212, 0.298803687, 0.0491610248, 0.0619605798, 33.5339094, 0.298803687, 49121, 0, 0, 879, 0
ps_data_50k, EXPRGEN.250.10, 195.3125, 22.0478516, 195.3125, 218.690594, 0.02, 8.85857288, 0.279144764, 0.0539327014, 0.0678848347, 32.7407636, 0.279144764, 48013, 0, 0, 1987, 0
ps_data_50k, EXPRGEN.250.10, 195.3125, 21.6074219, 195.3125, 210.232958, 0.021, 9.03913947, 0.236683011, 0.0498252475, 0.0620261956, 33.524716, 0.236683011, 49029, 0, 0, 971, 0
ps_data_50k, EXPRGEN.250.10, 195.3125, 21.6787109, 195.3125, 215.282868, 0.022, 9.00941484, 0.253397412, 0.0521848208, 0.0649334073, 33.126855, 0.253397412, 48287, 0, 0, 1713, 0
ps_data_50k, EXPRGEN.250.10, 195.3125, 22.1103516, 195.3125, 225.071492, 0.023, 8.83353209, 0.23689574, 0.0499358132, 0.0617956373, 33.5570626, 0.23689574, 48594, 0, 0, 1406, 0
ps_data_50k, EXPRGEN.250.10, 195.3125, 21.1123047, 195.3125, 221.050202, 0.024, 9.2511217, 0.269563079, 0.0514216273, 0.0636938618, 33.2942672, 0.269563079, 49008, 0, 0, 992, 0
ps_data_50k, EXPRGEN.250.10, 195.3125, 22.03125, 195.3125, 216.666491, 0.025, 8.86524823, 0.228447318, 0.0522379511, 0.0647142325, 33.1562228, 0.228447318, 49512, 0, 0, 488, 0
ps_data_50k, EXPRGEN.250.10, 195.3125, 21.5341797, 195.3125, 216.601732, 0.026, 9.06988345, 0.515486002, 0.0535493424, 0.0695718622, 32.5275463, 0.515486002, 49258, 0, 0, 742, 0
ps_data_50k, EXPRGEN.250.10, 195.3125, 20.7558594, 195.3125, 222.442376, 0.027, 9.40999341, 0.254765093, 0.0527775621, 0.066549539, 32.9133178, 0.254765093, 48710, 0, 0, 1290, 0
ps_data_50k, EXPRGEN.250.10, 195.3125, 20.2783203, 195.3125, 216.200309, 0.028, 9.63159162, 1.55391634, 0.0596639722, 0.117697176, 27.960898, 1.55391634, 48001, 0, 0, 1999, 0
ps_data_50k, EXPRGEN.250.10, 195.3125, 20.9082031, 195.3125, 224.419794, 0.029, 9.34142924, 0.309711099, 0.0512596243, 0.0653487504, 33.0714731, 0.309711099, 49400, 0, 0, 600, 0
ps_data_50k, EXPRGEN.250.10, 195.3125, 21.1933594, 195.3125, 213.674912, 0.03, 9.21574048, 0.346398711, 0.0511331551, 0.0631305329, 33.3714298, 0.346398711, 48689, 0, 0, 1311, 0
ps_data_50k, EXPRGEN.250.20, 195.3125, 43.9833984, 195.3125, 1912.76059, 0.01, 4.44059593, 0.329087079, 0.0237247674, 0.0330165963, 39.0015729, 0.329087079, 46506, 0, 0, 3494, 0
ps_data_50k, EXPRGEN.250.20, 195.3125, 49.8066406, 195.3125, 1964.90841, 0.011, 3.92141485, 0.249493457, 0.0228052553, 0.0313822773, 39.4425298, 0.249493457, 45519, 0, 0, 4481, 0
ps_data_50k, EXPRGEN.250.20, 195.3125, 48.9912109, 195.3125, 2112.00281, 0.012, 3.98668447, 0.235428691, 0.0226830794, 0.0309411729, 39.5654834, 0.235428691, 46101, 0, 0, 3649, 250
ps_data_50k, EXPRGEN.250.20, 195.3125, 48.5908203, 195.3125, 2214.91474, 0.013, 4.01953494, 0.572742119, 0.0233276844, 0.0327453269, 39.0732323, 0.572742119, 43308, 0, 0, 6692, 0
ps_data_50k, EXPRGEN.250.20, 195.3125, 48.6992188, 195.3125, 2025.44193, 0.014, 4.01058795, 0.129267216, 0.0241071096, 0.0322448057, 39.2070236, 0.129267216, 46251, 0, 0, 3749, 0
ps_data_50k, EXPRGEN.250.20, 195.3125, 48.5576172, 195.3125, 2315.55409, 0.015, 4.02228345, 0.280999355, 0.0246852459, 0.0331064754, 38.9779599, 0.280999355, 44510, 0, 0, 5240, 250
ps_data_50k, EXPRGEN.250.20, 195.3125, 46.6005859, 195.3125, 1827.38138, 0.016, 4.19120267, 0.17842567, 0.0297380819, 0.039356332, 37.4759265, 0.17842567, 44325, 0, 0, 5675, 0
ps_data_50k, EXPRGEN.250.20, 195.3125, 47.7148438, 195.3125, 1772.36042, 0.017, 4.09332788, 0.609290361, 0.0318560848, 0.055712301, 34.4571969, 0.609290361, 45510, 0, 0, 4490, 0
ps_data_50k, EXPRGEN.250.20, 195.3125, 47.4824219, 195.3125, 2197.25457, 0.018, 4.11336432, 0.179042834, 0.028205966, 0.0376725058, 37.8557287, 0.179042834, 46506, 0, 0, 3494, 0
ps_data_50k, EXPRGEN.250.20, 195.3125, 47.8730469, 195.3125, 3630.12864, 0.019, 4.07980091, 0.220697045, 0.0290618284, 0.0394818716, 37.4482642, 0.220697045, 46262, 0, 0, 3738, 0
ps_data_50k, EXPRGEN.250.20, 195.3125, 47.6308594, 195.3125, 3254.17983, 0.02, 4.10054537, 1.70880531, 0.0286502032, 0.0391519082, 37.5211602, 1.70880531, 45276, 0, 0, 4724, 0
ps_data_50k, EXPRGEN.250.20, 195.3125, 49.5976562, 195.3125, 1736.06515, 0.021, 3.9379381, 0.160541475, 0.0267791054, 0.0354639553, 38.3804754, 0.160541475, 46080, 0, 0, 3920, 0
ps_data_50k, EXPRGEN.250.20, 195.3125, 45.8183594, 195.3125, 1727.18853, 0.022, 4.2627563, 0.174692571, 0.0299864895, 0.0398978222, 37.3572351, 0.174692571, 44288, 0, 0, 5712, 0
ps_data_50k, EXPRGEN.250.20, 195.3125, 47.8681641, 195.3125, 1544.62448, 0.023, 4.08021707, 0.171687543, 0.0279147164, 0.0373559163, 37.929031, 0.171687543, 46000, 0, 0, 4000, 0
ps_data_50k, EXPRGEN.250.20, 195.3125, 47.4316406, 195.3125, 1912.01054, 0.024, 4.11776817, 0.172409169, 0.0293615621, 0.0391214398, 37.5279223, 0.172409169, 44261, 0, 0, 5739, 0
ps_data_50k, EXPRGEN.250.20, 195.3125, 49.6308594, 195.3125, 2570.5363, 0.025, 3.93530361, 0.159488201, 0.0299109321, 0.0392585158, 37.4975413, 0.159488201, 44562, 0, 0, 5438, 0
ps_data_50k, EXPRGEN.250.20, 195.3125, 51.2197266, 195.3125, 1816.87438, 0.026, 3.81322809, 0.927775443, 0.0293150533, 0.0405823601, 37.2094729, 0.927775443, 46020, 0, 0, 3980, 0
ps_data_50k, EXPRGEN.250.20, 195.3125, 48.8466797, 195.3125, 1811.00814, 0.027, 3.99848058, 0.183386207, 0.0301845028, 0.0400039535, 37.3341606, 0.183386207, 45517, 0, 0, 4483, 0
ps_data_50k, EXPRGEN.250.20, 195.3125, 47.5458984, 195.3125, 1694.34742, 0.028, 4.10787274, 0.166407943, 0.0291217159, 0.0381917794, 37.736821, 0.166407943, 46008, 0, 0, 3992, 0
ps_data_50k, EXPRGEN.250.20, 195.3125, 48.1396484, 195.3125, 1710.98517, 0.029, 4.05720661, 0.198751092, 0.030763006, 0.0414313604, 37.029635, 0.198751092, 44796, 0, 0, 5204, 0
ps_data_50k, EXPRGEN.250.20, 195.3125, 49.2392578, 195.3125, 1797.09875, 0.03, 3.96660122, 5.95856261e+10, 1304099.99, 278757253, -159.528305, 5.95856261e+10, 45691, 0, 0, 4309, 0
